policy,traffic,injection_rate,packets_injected,reception_rate,queueing_latency,network_latency,total_latency,average_hops,lateral_per_injected,escape_per_injected,escape_per_received,delivery_ratio
adaptive,uniform_random,0.025,31838,0.0248469,2,9.777261,11.777261,3.374072,0,6.2818e-05,6.28852e-05,0.998932
adaptive,uniform_random,0.050,64150,0.0500602,2.000437,9.793436,11.793873,3.365888,0,0.000623539,0.000624249,0.998862
adaptive,uniform_random,0.075,95712,0.0746922,2.002092,9.847980,11.850072,3.374610,0,0.00191199,0.00191411,0.998893
adaptive,uniform_random,0.100,127782,0.0997055,2.005038,9.883070,11.888108,3.373726,0,0.00379553,0.00380026,0.998756
adaptive,uniform_random,0.125,159686,0.124621,2.010124,9.931630,11.941755,3.376780,0,0.00733314,0.007341,0.998929
adaptive,uniform_random,0.150,191898,0.149738,2.017108,9.977748,11.994856,3.376642,0,0.0115739,0.0115879,0.998786
adaptive,uniform_random,0.175,224032,0.174829,2.027433,10.032165,12.059598,3.378388,0,0.017868,0.017888,0.99888
adaptive,uniform_random,0.200,256013,0.199802,2.042953,10.100428,12.143381,3.385621,0,0.0249831,0.0250092,0.998957
adaptive,uniform_random,0.225,288236,0.224934,2.061622,10.182471,12.244093,3.395016,0,0.033136,0.033173,0.998886
adaptive,uniform_random,0.250,320372,0.250022,2.088167,10.265308,12.353475,3.402424,0,0.0430094,0.0430556,0.998926
adaptive,uniform_random,0.275,352385,0.274991,2.123788,10.360131,12.483919,3.410459,0,0.0532628,0.0533227,0.998876
adaptive,uniform_random,0.300,384295,0.299895,2.169054,10.485784,12.654838,3.422004,0,0.0657984,0.0658719,0.998884
adaptive,uniform_random,0.325,415911,0.324567,2.230027,10.649098,12.879125,3.435207,0,0.0779926,0.0780799,0.998882
adaptive,uniform_random,0.350,447830,0.349462,2.310614,10.945924,13.256537,3.447049,0,0.0897238,0.0898279,0.998841
adaptive,uniform_random,0.375,479779,0.374376,2.437820,11.554811,13.992631,3.448524,0,0.1,0.100121,0.998795
adaptive,uniform_random,0.400,511519,0.399093,2.654447,12.123411,14.777858,3.445177,0,0.10999,0.110136,0.998671
adaptive,uniform_random,0.425,543621,0.424132,3.008243,12.531057,15.539300,3.438673,0,0.120146,0.120308,0.998653
adaptive,uniform_random,0.450,575553,0.449027,3.821595,12.835615,16.657210,3.435137,0,0.13109,0.131272,0.998612
adaptive,uniform_random,0.475,607723,0.474137,4.712306,13.077931,17.790237,3.429015,0,0.14126,0.141453,0.998638
adaptive,uniform_random,0.500,639219,0.498679,8.412211,13.335974,21.748185,3.425053,0,0.152172,0.152389,0.998576
adaptive,uniform_random,0.525,670604,0.523125,16.868027,13.557168,30.425196,3.417074,0,0.163063,0.163308,0.998503
adaptive,uniform_random,0.550,696137,0.543037,62.676881,13.825878,76.502759,3.416024,0,0.171754,0.172013,0.998493
adaptive,uniform_random,0.575,704111,0.549257,221.481170,13.919981,235.401151,3.413812,0,0.175048,0.175312,0.998492
adaptive,uniform_random,0.600,705441,0.550288,411.919944,13.884348,425.804292,3.414364,0,0.17509,0.175357,0.99848
adaptive,uniform_random,0.625,704811,0.549844,585.162606,13.889366,599.051972,3.414069,0,0.174225,0.174476,0.998566
adaptive,uniform_random,0.650,704461,0.549538,759.263487,13.941641,773.205128,3.415282,0,0.174959,0.175221,0.998507
adaptive,uniform_random,0.675,705767,0.550557,916.652131,13.884624,930.536755,3.414237,0,0.174908,0.175169,0.998507
adaptive,uniform_random,0.700,705562,0.550372,1060.183329,13.956457,1074.139786,3.416617,0,0.174766,0.175035,0.998461
adaptive,uniform_random,0.725,704228,0.54937,1194.305900,13.918045,1208.223946,3.413566,0,0.173924,0.17418,0.99853
adaptive,uniform_random,0.750,704527,0.549594,1323.884272,13.967055,1337.851328,3.414300,0,0.174628,0.174888,0.998514
adaptive,uniform_random,0.775,706625,0.551216,1433.030668,13.935126,1446.965794,3.412144,0,0.17526,0.175525,0.998489
adaptive,uniform_random,0.800,704221,0.549339,1550.264776,13.935063,1564.199838,3.412415,0,0.173789,0.174053,0.998485
adaptive,uniform_random,0.825,706089,0.550785,1650.292496,13.900033,1664.192529,3.414762,0,0.174664,0.174932,0.998465
adaptive,uniform_random,0.850,705782,0.550575,1753.056150,13.866970,1766.923120,3.410342,0,0.175288,0.175548,0.998518
adaptive,uniform_random,0.875,705397,0.550263,1846.540825,13.877192,1860.418017,3.413728,0,0.174631,0.174894,0.998497
adaptive,uniform_random,0.900,705173,0.550097,1931.632193,13.882631,1945.514824,3.412163,0,0.174688,0.174948,0.998512
adaptive,uniform_random,0.925,705627,0.550443,2015.228814,13.941864,2029.170678,3.415969,0,0.175132,0.175396,0.998498
adaptive,uniform_random,0.950,705471,0.550315,2097.021577,13.921041,2110.942618,3.411959,0,0.174839,0.175104,0.998486
adaptive,uniform_random,0.975,706173,0.550899,2163.600042,13.981062,2177.581104,3.413263,0,0.175427,0.175682,0.998553
adaptive,uniform_random,1.000,707231,0.551675,2234.686462,13.933209,2248.619671,3.413920,0,0.175254,0.175524,0.998463
deterministic,uniform_random,0.025,31838,0.0248469,2,9.772324,11.772324,3.374355,0,0.000125636,0.00012577,0.998932
deterministic,uniform_random,0.050,64150,0.0500609,2.000437,9.785277,11.785714,3.366943,0,0.000919719,0.000920753,0.998878
deterministic,uniform_random,0.075,95712,0.0746922,2.002019,9.834697,11.836715,3.376263,0,0.00252842,0.00253122,0.998893
deterministic,uniform_random,0.100,127782,0.0997055,2.004811,9.869201,11.874012,3.377824,0,0.00529809,0.00530469,0.998756
deterministic,uniform_random,0.125,159686,0.124622,2.009729,9.917795,11.927525,3.384394,0,0.00983806,0.00984854,0.998935
deterministic,uniform_random,0.150,191898,0.149739,2.016633,9.969525,11.986158,3.389574,0,0.0162743,0.016294,0.998791
deterministic,uniform_random,0.175,224032,0.174834,2.026253,10.022959,12.049212,3.393463,0,0.023144,0.0231694,0.998906
deterministic,uniform_random,0.200,256013,0.199803,2.041130,10.104572,12.145702,3.407995,0,0.0327288,0.0327627,0.998965
deterministic,uniform_random,0.225,288236,0.224932,2.058862,10.194069,12.252931,3.421541,0,0.0425103,0.042558,0.998879
deterministic,uniform_random,0.250,320372,0.250023,2.083449,10.329201,12.412650,3.437629,0,0.054546,0.0546044,0.998929
deterministic,uniform_random,0.275,352385,0.274986,2.117571,10.538911,12.656482,3.449537,0,0.0659279,0.0660034,0.998856
deterministic,uniform_random,0.300,384297,0.299867,2.171232,11.228820,13.400052,3.454308,0,0.0762874,0.0763802,0.998785
deterministic,uniform_random,0.325,415835,0.324481,2.845650,11.857051,14.702701,3.450450,0,0.0829921,0.0830918,0.9988
deterministic,uniform_random,0.350,447828,0.349405,2.550035,12.281129,14.831164,3.446218,0,0.0908965,0.0910162,0.998685
deterministic,uniform_random,0.375,479443,0.37406,8.535248,12.561263,21.096511,3.439627,0,0.0991901,0.0993239,0.998653
deterministic,uniform_random,0.400,510459,0.39823,9.699149,12.808431,22.507580,3.435802,0,0.108459,0.108614,0.99858
deterministic,uniform_random,0.425,541983,0.422823,16.409122,13.042360,29.451482,3.431200,0,0.116926,0.117093,0.998579
deterministic,uniform_random,0.450,572570,0.446691,28.928632,13.301376,42.230007,3.427707,0,0.126123,0.1263,0.998594
deterministic,uniform_random,0.475,599433,0.467655,58.490991,13.549718,72.040708,3.423775,0,0.134244,0.134431,0.998607
deterministic,uniform_random,0.500,625972,0.488302,90.279233,13.793667,104.072899,3.420332,0,0.142575,0.142791,0.99849
deterministic,uniform_random,0.525,630742,0.491969,318.490891,14.992262,333.483153,3.411805,0,0.144287,0.144521,0.99838
deterministic,uniform_random,0.550,656440,0.512042,263.638590,14.556341,278.194932,3.414636,0,0.152277,0.152516,0.998437
deterministic,uniform_random,0.575,633363,0.494013,489.670721,15.150107,504.820828,3.413899,0,0.145272,0.145508,0.998378
deterministic,uniform_random,0.600,629681,0.491145,750.123872,15.256642,765.380514,3.415000,0,0.143774,0.144007,0.998386
deterministic,uniform_random,0.625,614701,0.479426,1029.293370,15.744114,1045.037485,3.416957,0,0.138955,0.13919,0.998315
deterministic,uniform_random,0.650,561586,0.437924,1527.701406,17.397242,1545.098647,3.418221,0,0.131202,0.131446,0.998143
deterministic,uniform_random,0.675,655491,0.511287,1094.116836,14.694586,1108.811422,3.413855,0,0.151377,0.151618,0.998407
deterministic,uniform_random,0.700,659119,0.514083,1243.046696,14.671218,1257.717914,3.415060,0,0.152736,0.152989,0.998342
deterministic,uniform_random,0.725,650221,0.50718,1484.766443,14.797323,1499.563766,3.412820,0,0.149597,0.149834,0.998416
deterministic,uniform_random,0.750,656951,0.512445,1534.051759,14.637871,1548.689630,3.415031,0,0.150902,0.151137,0.998446
deterministic,uniform_random,0.775,639286,0.498632,1698.390041,15.145738,1713.535778,3.412640,0,0.146424,0.146662,0.998378
deterministic,uniform_random,0.800,642106,0.500837,1679.028978,14.930797,1693.959775,3.411084,0,0.147555,0.147793,0.998388
deterministic,uniform_random,0.825,642957,0.501466,1761.901934,14.952133,1776.854067,3.414184,0,0.149962,0.150214,0.99832
deterministic,uniform_random,0.850,666810,0.520108,1892.049634,14.498558,1906.548192,3.410701,0,0.154125,0.154373,0.998392
deterministic,uniform_random,0.875,607594,0.473873,2522.760964,16.104335,2538.865299,3.415029,0,0.141494,0.141736,0.998293
deterministic,uniform_random,0.900,650543,0.507446,2112.663179,14.801551,2127.464729,3.412576,0,0.149604,0.149837,0.998444
deterministic,uniform_random,0.925,651316,0.508022,2258.952126,14.867156,2273.819282,3.414478,0,0.149981,0.150223,0.998391
deterministic,uniform_random,0.950,612237,0.477495,2284.215586,15.757380,2299.972966,3.413386,0,0.139116,0.139353,0.998296
deterministic,uniform_random,0.975,644332,0.502573,2442.128800,14.975520,2457.104319,3.414785,0,0.147989,0.148228,0.998389
deterministic,uniform_random,1.000,615350,0.479948,2348.015184,15.499321,2363.514505,3.412015,0,0.141136,0.141369,0.998349
flex,uniform_random,0.025,31838,0.0248469,2,9.777732,11.777732,3.374261,0.000188454,6.2818e-05,6.28852e-05,0.998932
flex,uniform_random,0.050,64150,0.0500609,2.000421,9.793845,11.794266,3.366319,0.000327358,0.000592362,0.000593027,0.998878
flex,uniform_random,0.075,95712,0.0746922,2.002040,9.850585,11.852624,3.375991,0.00102391,0.00194333,0.00194548,0.998893
flex,uniform_random,0.100,127782,0.0997055,2.004944,9.886118,11.891062,3.375058,0.00154951,0.00388944,0.00389428,0.998756
flex,uniform_random,0.125,159686,0.124622,2.010106,9.940965,11.951071,3.379529,0.00249865,0.00741455,0.00742245,0.998935
flex,uniform_random,0.150,191898,0.149737,2.017249,9.986962,12.004210,3.379570,0.00309539,0.0117041,0.0117184,0.998781
flex,uniform_random,0.175,224032,0.174834,2.027365,10.040878,12.068243,3.382147,0.00436991,0.0179439,0.0179634,0.998911
flex,uniform_random,0.200,256013,0.199805,2.043007,10.111234,12.154240,3.390342,0.00564815,0.0247722,0.0247977,0.998973
flex,uniform_random,0.225,288236,0.224929,2.061992,10.193676,12.255668,3.400512,0.00712957,0.0327544,0.0327916,0.998866
flex,uniform_random,0.250,320372,0.250025,2.088338,10.281131,12.369469,3.409484,0.00825915,0.0426629,0.0427082,0.998939
flex,uniform_random,0.275,352384,0.274987,2.124270,10.381316,12.505585,3.418752,0.0097337,0.0529508,0.0530109,0.998865
flex,uniform_random,0.300,384296,0.299895,2.169958,10.499677,12.669635,3.429939,0.011577,0.0646897,0.0647622,0.998881
flex,uniform_random,0.325,415913,0.324562,2.229822,10.655350,12.885172,3.445861,0.0136182,0.0770618,0.0771497,0.99886
flex,uniform_random,0.350,447829,0.349458,2.311360,10.926681,13.238041,3.461000,0.0153049,0.0890809,0.089185,0.998832
flex,uniform_random,0.375,479780,0.374383,2.441673,11.548330,13.990002,3.466176,0.0177435,0.100221,0.10034,0.998812
flex,uniform_random,0.400,511530,0.399107,2.636975,12.141276,14.778251,3.465625,0.0197115,0.110594,0.110739,0.998684
flex,uniform_random,0.425,543606,0.42413,2.925611,12.544067,15.469678,3.463491,0.0228033,0.120455,0.120614,0.998677
flex,uniform_random,0.450,575463,0.448952,3.860336,12.893925,16.754261,3.460856,0.0250355,0.131197,0.131381,0.998603
flex,uniform_random,0.475,607618,0.474066,6.106046,13.185468,19.291514,3.457498,0.0278152,0.141441,0.14163,0.998662
flex,uniform_random,0.500,639655,0.49902,9.829408,13.409651,23.239059,3.454786,0.030171,0.15213,0.152347,0.998579
flex,uniform_random,0.525,670673,0.523177,15.315009,13.677821,28.992831,3.449167,0.0324286,0.162926,0.163171,0.998499
flex,uniform_random,0.550,696532,0.543348,70.359553,13.981094,84.340647,3.451742,0.0346459,0.171859,0.172117,0.998498
flex,uniform_random,0.575,704907,0.549878,217.401288,13.995594,231.396882,3.448496,0.0352387,0.174409,0.174672,0.998492
flex,uniform_random,0.600,706124,0.550827,400.164452,13.994159,414.158611,3.450089,0.0353536,0.17507,0.175335,0.99849
flex,uniform_random,0.625,706480,0.551111,576.704115,13.997071,590.701186,3.449340,0.0346167,0.175497,0.17576,0.998502
flex,uniform_random,0.650,704163,0.549327,757.759541,14.008761,771.768302,3.449810,0.0350714,0.174295,0.174549,0.998546
flex,uniform_random,0.675,704869,0.549856,915.980587,14.026736,930.007323,3.449585,0.0352888,0.174312,0.174573,0.998506
flex,uniform_random,0.700,704906,0.549874,1060.008753,14.002418,1074.011172,3.450670,0.0353607,0.174903,0.175168,0.998486
flex,uniform_random,0.725,707328,0.551762,1186.312162,13.998091,1200.310253,3.447620,0.0355973,0.17613,0.176398,0.998483
flex,uniform_random,0.750,707082,0.55158,1315.314873,14.019519,1329.334392,3.448286,0.0347711,0.175612,0.175876,0.998501
flex,uniform_random,0.775,705278,0.55017,1442.183192,14.043999,1456.227191,3.448849,0.0356101,0.174955,0.175219,0.998496
flex,uniform_random,0.800,705836,0.550628,1550.393221,14.015445,1564.408667,3.446632,0.0357321,0.174762,0.175017,0.998538
flex,uniform_random,0.825,705086,0.550029,1655.996605,14.004344,1670.000949,3.450081,0.0351588,0.174603,0.174863,0.998512
flex,uniform_random,0.850,705329,0.550222,1750.085067,14.031626,1764.116693,3.445457,0.0348107,0.174971,0.17523,0.998518
flex,uniform_random,0.875,704059,0.54921,1848.916408,13.976722,1862.893131,3.447309,0.0351093,0.174527,0.174792,0.99848
flex,uniform_random,0.900,705144,0.550054,1940.431505,14.009417,1954.440921,3.447293,0.0353602,0.174778,0.175045,0.998475
flex,uniform_random,0.925,704404,0.549498,2018.965141,14.018530,2032.983671,3.449874,0.0351659,0.174122,0.174381,0.998514
flex,uniform_random,0.950,704662,0.549684,2099.226505,13.999099,2113.225604,3.446862,0.0347244,0.174109,0.174373,0.998486
flex,uniform_random,0.975,706630,0.551217,2166.145104,13.998767,2180.143871,3.449233,0.0351542,0.176088,0.176355,0.998483
flex,uniform_random,1.000,706417,0.551053,2237.397794,14.003914,2251.401708,3.448146,0.0350048,0.174877,0.175142,0.998487
random,uniform_random,0.025,31838,0.0248469,2,9.778078,11.778078,3.374230,0,9.4227e-05,9.43278e-05,0.998932
random,uniform_random,0.050,64150,0.0500609,2.000484,9.796779,11.797263,3.367209,0,0.000935308,0.000936359,0.998878
random,uniform_random,0.075,95712,0.0746914,2.002102,9.853240,11.855342,3.377658,0,0.00286275,0.00286596,0.998882
random,uniform_random,0.100,127782,0.0997055,2.004968,9.894909,11.899877,3.379289,0,0.00574416,0.00575131,0.998756
random,uniform_random,0.125,159686,0.124622,2.010093,9.956023,11.966116,3.386989,0,0.0104893,0.0105005,0.998935
random,uniform_random,0.150,191898,0.149738,2.017150,10.023447,12.040597,3.395925,0,0.0173582,0.0173793,0.998786
random,uniform_random,0.175,224032,0.174832,2.026999,10.096275,12.123275,3.403226,0,0.0255633,0.0255915,0.998897
random,uniform_random,0.200,256013,0.199805,2.042663,10.203773,12.246436,3.421591,0,0.0349826,0.0350186,0.998973
random,uniform_random,0.225,288236,0.224929,2.061603,10.342351,12.403954,3.439740,0,0.0459138,0.0459659,0.998866
random,uniform_random,0.250,320372,0.250016,2.088310,10.586945,12.675255,3.455700,0,0.0579046,0.0579683,0.998901
random,uniform_random,0.275,352385,0.27496,2.132428,11.363777,13.496205,3.462871,0,0.066941,0.0670239,0.998763
random,uniform_random,0.300,384294,0.299845,2.188037,12.079265,14.267302,3.454787,0,0.0741021,0.0741971,0.99872
random,uniform_random,0.325,415912,0.324518,2.295604,12.605569,14.901173,3.450030,0,0.0817961,0.0819003,0.998728
random,uniform_random,0.350,447820,0.349382,2.469416,12.907325,15.376741,3.442735,0,0.0898776,0.0900004,0.998636
random,uniform_random,0.375,479778,0.374304,2.686472,13.119171,15.805643,3.434617,0,0.0993981,0.0995368,0.998606
random,uniform_random,0.400,511498,0.399023,4.792905,13.356386,18.149290,3.429885,0,0.108554,0.108713,0.998538
random,uniform_random,0.425,543508,0.424002,7.300470,13.580423,20.880893,3.423120,0,0.118789,0.118961,0.998556
random,uniform_random,0.450,574174,0.447889,15.594106,13.914176,29.508282,3.419569,0,0.12922,0.129418,0.998474
random,uniform_random,0.475,237843,0.184564,223.489134,37.971902,261.461036,3.453857,0,0.152903,0.15394,0.993269
random,uniform_random,0.500,384038,0.298762,118.838461,23.376985,142.215446,3.422519,0,0.154131,0.154784,0.995776
random,uniform_random,0.525,224089,0.173843,267.463147,42.825840,310.288987,3.451849,0,0.174359,0.17559,0.992994
random,uniform_random,0.550,393319,0.306053,297.790815,25.782235,323.573050,3.417883,0,0.158431,0.159067,0.996006
random,uniform_random,0.575,121696,0.0938172,1263.158103,91.863115,1355.021218,3.507878,0,0.180754,0.183177,0.98677
random,uniform_random,0.600,229520,0.178055,2374.003032,50.596228,2424.599260,3.454467,0,0.145739,0.146768,0.99299
random,uniform_random,0.625,323940,0.251766,869.434938,32.965860,902.400797,3.429572,0,0.158542,0.159368,0.994814
random,uniform_random,0.650,290101,0.225368,791.027635,36.007238,827.034874,3.436872,0,0.16557,0.166505,0.994381
random,uniform_random,0.675,402007,0.312837,885.394095,22.405036,907.799131,3.417817,0,0.151336,0.151931,0.99608
random,uniform_random,0.700,176244,0.136425,2034.236800,64.052994,2098.289794,3.467444,0,0.154201,0.155632,0.990808
random,uniform_random,0.725,401793,0.312644,1405.972063,25.389109,1431.361171,3.419017,0,0.143352,0.143929,0.995995
random,uniform_random,0.750,300509,0.233488,1048.605815,33.837823,1082.443638,3.431944,0,0.153992,0.154839,0.994529
random,uniform_random,0.775,490803,0.382141,1314.080903,19.459921,1333.540824,3.411902,0,0.154549,0.155074,0.996614
random,uniform_random,0.800,224784,0.174354,990.627661,44.531946,1035.159607,3.450816,0,0.174354,0.175613,0.992833
random,uniform_random,0.825,218928,0.169777,811.821167,44.156644,855.977811,3.452541,0,0.178483,0.179808,0.992632
random,uniform_random,0.850,234242,0.181788,1422.936490,43.159629,1466.096120,3.444735,0,0.158908,0.159969,0.99337
random,uniform_random,0.875,264736,0.205569,970.359718,36.644386,1007.004104,3.442374,0,0.175284,0.176355,0.993926
random,uniform_random,0.900,330040,0.256575,1252.279956,29.936510,1282.216466,3.426237,0,0.160023,0.160814,0.995079
random,uniform_random,0.925,178500,0.138197,1080.309782,57.077782,1137.387564,3.474058,0,0.171602,0.173162,0.990992
random,uniform_random,0.950,473650,0.368742,1745.174470,20.603100,1765.777569,3.413382,0,0.15583,0.156378,0.996495
random,uniform_random,0.975,263687,0.204701,1666.255835,39.780549,1706.036383,3.441235,0,0.149647,0.150601,0.993667
random,uniform_random,1.000,627335,0.489207,2383.284065,15.709469,2398.993534,3.405779,0,0.151549,0.151827,0.998167
