design,policy,p,q,traffic,injection_rate,packets_injected,reception_rate,queueing_latency,network_latency,total_latency,average_hops,lateral_selections_per_injected_packet,lateral_selections_per_received_packet,escape_activations_per_received_packet
000_adaptive,adaptive,0,0,diagonal_3d,0.025,31877,0.0248531,2.000031,19.128253,21.128285,8.000566,0,0,0.000188608
000_adaptive,adaptive,0,0,diagonal_3d,0.050,64179,0.050043,2.000546,19.306049,21.306596,8.009648,0,0,0.00217001
000_adaptive,adaptive,0,0,diagonal_3d,0.075,95843,0.0747281,2.002206,19.575137,21.577343,8.041902,0,0,0.00901183
000_adaptive,adaptive,0,0,diagonal_3d,0.100,128013,0.0998062,2.005174,20.024814,22.029988,8.115677,0,0,0.0248685
000_adaptive,adaptive,0,0,diagonal_3d,0.125,159953,0.124686,2.011078,22.394291,24.405368,8.189000,0,0,0.0410218
000_adaptive,adaptive,0,0,diagonal_3d,0.150,192279,0.149821,2.020243,24.703276,26.723519,8.127819,0,0,0.0322468
000_adaptive,adaptive,0,0,diagonal_3d,0.175,224176,0.174669,2.035008,25.035183,27.070191,8.093990,0,0,0.0280128
000_adaptive,adaptive,0,0,diagonal_3d,0.200,256078,0.199516,2.054996,24.903039,26.958035,8.070264,0,0,0.0269715
000_adaptive,adaptive,0,0,diagonal_3d,0.225,16221,0.0106164,1346.479947,268.315917,1614.795864,8.133932,0,0,0.424902
000_adaptive,adaptive,0,0,diagonal_3d,0.250,11626,0.00704531,2257.144489,457.851187,2714.995675,8.171657,0,0,0.637392
000_adaptive,adaptive,0,0,diagonal_3d,0.275,9969,0.00577344,2827.861976,529.175913,3357.037889,8.190798,0,0,0.790122
000_adaptive,adaptive,0,0,diagonal_3d,0.300,9447,0.0053875,2867.375580,609.645012,3477.020592,8.197796,0,0,0.804669
000_adaptive,adaptive,0,0,diagonal_3d,0.325,9110,0.00506641,3098.849961,524.480648,3623.330609,8.204472,0,0,0.851812
000_adaptive,adaptive,0,0,diagonal_3d,0.350,8826,0.00486094,3228.062199,593.214079,3821.276278,8.227901,0,0,0.886371
000_adaptive,adaptive,0,0,diagonal_3d,0.375,9060,0.00506797,3402.728996,595.480499,3998.209496,8.209342,0,0,0.914753
000_adaptive,adaptive,0,0,diagonal_3d,0.400,8809,0.00482266,3440.241698,599.385712,4039.627410,8.219990,0,0,0.910092
000_adaptive,adaptive,0,0,diagonal_3d,0.425,8821,0.00483281,3450.806660,581.181377,4031.988038,8.220498,0,0,0.924669
000_adaptive,adaptive,0,0,diagonal_3d,0.450,8730,0.00477734,3495.451186,596.393786,4091.844971,8.226002,0,0,0.931643
000_adaptive,adaptive,0,0,diagonal_3d,0.475,8566,0.00462109,3551.221133,628.312088,4179.533221,8.230600,0,0,0.946069
000_adaptive,adaptive,0,0,diagonal_3d,0.500,8562,0.00467969,3519.470785,608.789316,4128.260100,8.213689,0,0,0.941235
000_adaptive,adaptive,0,0,diagonal_3d,0.525,8504,0.00459688,3626.350782,592.775323,4219.126105,8.206322,0,0,0.945275
000_adaptive,adaptive,0,0,diagonal_3d,0.550,8420,0.00452891,3592.591685,628.778161,4221.369846,8.221494,0,0,0.966534
000_adaptive,adaptive,0,0,diagonal_3d,0.575,8581,0.00464844,3731.333109,658.451429,4389.784538,8.210756,0,0,0.960336
000_adaptive,adaptive,0,0,diagonal_3d,0.600,8367,0.00450156,3608.924158,672.842589,4281.766748,8.222492,0,0,0.966331
000_adaptive,adaptive,0,0,diagonal_3d,0.625,8449,0.00455625,3647.538237,679.346536,4326.884774,8.225652,0,0,0.963992
000_adaptive,adaptive,0,0,diagonal_3d,0.650,8378,0.00446094,3668.307005,633.828196,4302.135201,8.208056,0,0,0.963222
000_adaptive,adaptive,0,0,diagonal_3d,0.675,8445,0.00456563,3659.564339,627.385352,4286.949692,8.204312,0,0,0.958248
000_adaptive,adaptive,0,0,diagonal_3d,0.700,8431,0.00456484,3696.701352,636.265788,4332.967140,8.222831,0,0,0.959781
000_adaptive,adaptive,0,0,diagonal_3d,0.725,8349,0.00446953,3696.268485,641.307289,4337.575773,8.214997,0,0,0.962244
000_adaptive,adaptive,0,0,diagonal_3d,0.750,8537,0.00460703,3618.915042,652.148720,4271.063761,8.208581,0,0,0.956249
000_adaptive,adaptive,0,0,diagonal_3d,0.775,8305,0.00445156,3703.094946,639.269568,4342.364514,8.225693,0,0,0.964198
000_adaptive,adaptive,0,0,diagonal_3d,0.800,8404,0.00455,3663.454327,659.745879,4323.200206,8.204670,0,0,0.951923
000_adaptive,adaptive,0,0,diagonal_3d,0.825,8518,0.00459922,3724.598947,684.881773,4409.480720,8.206897,0,0,0.962799
000_adaptive,adaptive,0,0,diagonal_3d,0.850,8515,0.00458516,3762.499915,651.262225,4413.762140,8.229000,0,0,0.966093
000_adaptive,adaptive,0,0,diagonal_3d,0.875,8347,0.00448125,3685.406032,684.087692,4369.493724,8.204324,0,0,0.967922
000_adaptive,adaptive,0,0,diagonal_3d,0.900,8371,0.00447344,3702.906916,643.534404,4346.441320,8.210269,0,0,0.962801
000_adaptive,adaptive,0,0,diagonal_3d,0.925,8470,0.004575,3714.599556,691.419740,4406.019296,8.220287,0,0,0.961407
000_adaptive,adaptive,0,0,diagonal_3d,0.950,8448,0.00453125,3735.831207,654.381724,4390.212931,8.226552,0,0,0.965345
000_adaptive,adaptive,0,0,diagonal_3d,0.975,8472,0.00457109,3717.728764,659.758332,4377.487096,8.215690,0,0,0.971629
000_adaptive,adaptive,0,0,diagonal_3d,1.000,8669,0.00470859,3723.680770,649.819811,4373.500581,8.231956,0,0,0.956363
000_adaptive,adaptive,0,0,tornado_x_3d,0.025,31877,0.0248797,2.000031,9.082742,11.082773,3.013440,0,0,0.0028889
000_adaptive,adaptive,0,0,tornado_x_3d,0.050,64179,0.0500922,2.000546,9.313438,11.313984,3.088056,0,0,0.0179357
000_adaptive,adaptive,0,0,tornado_x_3d,0.075,95843,0.0748055,2.002298,9.923395,11.925693,3.229846,0,0,0.0465583
000_adaptive,adaptive,0,0,tornado_x_3d,0.100,128012,0.0998602,2.020098,14.042294,16.062392,3.261538,0,0,0.0460097
000_adaptive,adaptive,0,0,tornado_x_3d,0.125,91123,0.0706047,111.254188,39.973709,151.227897,3.227787,0,0,0.0607697
000_adaptive,adaptive,0,0,tornado_x_3d,0.150,14713,0.0107937,1590.542415,375.745802,1966.288217,4.183555,0,0,0.39903
000_adaptive,adaptive,0,0,tornado_x_3d,0.175,9718,0.00689219,2672.377125,607.128882,3279.506008,4.812061,0,0,0.624915
000_adaptive,adaptive,0,0,tornado_x_3d,0.200,8826,0.00619609,3128.410037,661.639768,3790.049805,4.997478,0,0,0.692473
000_adaptive,adaptive,0,0,tornado_x_3d,0.225,8421,0.00587812,3320.905502,698.841839,4019.747342,5.104732,0,0,0.733785
000_adaptive,adaptive,0,0,tornado_x_3d,0.250,8239,0.00573594,3468.113593,711.169709,4179.283302,5.164260,0,0,0.750477
000_adaptive,adaptive,0,0,tornado_x_3d,0.275,8160,0.00567578,3556.244322,724.840881,4281.085203,5.182244,0,0,0.762836
000_adaptive,adaptive,0,0,tornado_x_3d,0.300,8026,0.00557109,3642.665966,739.097322,4381.763287,5.199411,0,0,0.76511
000_adaptive,adaptive,0,0,tornado_x_3d,0.325,7945,0.00550625,3737.677497,728.500709,4466.178207,5.242338,0,0,0.778802
000_adaptive,adaptive,0,0,tornado_x_3d,0.350,7939,0.0055,3763.767330,740.685795,4504.453125,5.250852,0,0,0.783949
000_adaptive,adaptive,0,0,tornado_x_3d,0.375,7851,0.00543359,3793.111718,759.900791,4553.012509,5.263408,0,0,0.787922
000_adaptive,adaptive,0,0,tornado_x_3d,0.400,7876,0.00545469,3857.032942,736.518906,4593.551848,5.250645,0,0,0.785448
000_adaptive,adaptive,0,0,tornado_x_3d,0.425,7812,0.00540078,3871.593375,742.981484,4614.574859,5.286996,0,0,0.796181
000_adaptive,adaptive,0,0,tornado_x_3d,0.450,7854,0.00543984,3901.481689,749.702858,4651.184547,5.267701,0,0,0.794198
000_adaptive,adaptive,0,0,tornado_x_3d,0.475,7870,0.00544609,3889.939033,754.174437,4644.113470,5.260508,0,0,0.788553
000_adaptive,adaptive,0,0,tornado_x_3d,0.500,7811,0.00540234,3936.567607,732.954881,4669.522487,5.279971,0,0,0.798843
000_adaptive,adaptive,0,0,tornado_x_3d,0.525,7805,0.00539609,3943.471985,731.099609,4674.571594,5.287534,0,0,0.801071
000_adaptive,adaptive,0,0,tornado_x_3d,0.550,7759,0.00536094,3954.181871,745.417662,4699.599534,5.294083,0,0,0.803993
000_adaptive,adaptive,0,0,tornado_x_3d,0.575,7765,0.00536953,3956.719919,774.245162,4730.965081,5.288957,0,0,0.804016
000_adaptive,adaptive,0,0,tornado_x_3d,0.600,7781,0.00537891,3986.624110,753.667538,4740.291649,5.306463,0,0,0.808424
000_adaptive,adaptive,0,0,tornado_x_3d,0.625,7775,0.00537422,4004.634249,743.721180,4748.355430,5.297427,0,0,0.804623
000_adaptive,adaptive,0,0,tornado_x_3d,0.650,7763,0.00536406,3994.589717,737.571657,4732.161375,5.300029,0,0,0.804981
000_adaptive,adaptive,0,0,tornado_x_3d,0.675,7771,0.00537344,4016.247746,752.267810,4768.515557,5.309974,0,0,0.808956
000_adaptive,adaptive,0,0,tornado_x_3d,0.700,7764,0.00536641,3996.577522,761.529626,4758.107148,5.317077,0,0,0.807687
000_adaptive,adaptive,0,0,tornado_x_3d,0.725,7792,0.00538984,4028.607769,747.315988,4775.923757,5.308451,0,0,0.809248
000_adaptive,adaptive,0,0,tornado_x_3d,0.750,7789,0.0053875,3998.887616,759.947071,4758.834687,5.309745,0,0,0.809165
000_adaptive,adaptive,0,0,tornado_x_3d,0.775,7799,0.00539141,4019.151572,753.570497,4772.722069,5.293001,0,0,0.798725
000_adaptive,adaptive,0,0,tornado_x_3d,0.800,7774,0.00537344,4043.146990,733.989096,4777.136086,5.293690,0,0,0.80314
000_adaptive,adaptive,0,0,tornado_x_3d,0.825,7807,0.00540078,4033.819615,752.015333,4785.834949,5.291914,0,0,0.802691
000_adaptive,adaptive,0,0,tornado_x_3d,0.850,7774,0.00537422,4030.098125,748.308475,4778.406600,5.299171,0,0,0.802297
000_adaptive,adaptive,0,0,tornado_x_3d,0.875,7817,0.00541094,4032.886081,745.047358,4777.933439,5.274906,0,0,0.796708
000_adaptive,adaptive,0,0,tornado_x_3d,0.900,7772,0.00537266,4013.611604,750.345645,4763.957249,5.289661,0,0,0.798313
000_adaptive,adaptive,0,0,tornado_x_3d,0.925,7839,0.00542422,4032.297422,751.314849,4783.612271,5.274809,0,0,0.801239
000_adaptive,adaptive,0,0,tornado_x_3d,0.950,7853,0.00543516,4038.002156,732.965215,4770.967371,5.273969,0,0,0.798333
000_adaptive,adaptive,0,0,tornado_x_3d,0.975,7794,0.00538984,4007.377301,741.863748,4749.241049,5.269894,0,0,0.798232
000_adaptive,adaptive,0,0,tornado_x_3d,1.000,7857,0.00543906,4004.894283,740.640046,4745.534329,5.251652,0,0,0.791727
000_adaptive,adaptive,0,0,tornado_y,0.025,31877,0.0248922,2.000031,5,7.000031,1,0,0,0
000_adaptive,adaptive,0,0,tornado_y,0.050,64179,0.050118,2.000514,5,7.000514,1,0,0,0
000_adaptive,adaptive,0,0,tornado_y,0.075,95843,0.0748414,2.002056,5,7.002056,1,0,0,0
000_adaptive,adaptive,0,0,tornado_y,0.100,128013,0.0999586,2.004517,5,7.004517,1,0,0,0
000_adaptive,adaptive,0,0,tornado_y,0.125,159953,0.124899,2.008970,5,7.008970,1,0,0,0
000_adaptive,adaptive,0,0,tornado_y,0.150,192279,0.150142,2.015527,5,7.015527,1,0,0,0
000_adaptive,adaptive,0,0,tornado_y,0.175,224176,0.175045,2.024998,5,7.024998,1,0,0,0
000_adaptive,adaptive,0,0,tornado_y,0.200,256078,0.199956,2.037090,5,7.037090,1,0,0,0
000_adaptive,adaptive,0,0,tornado_y,0.225,288187,0.225018,2.053617,5,7.053617,1,0,0,0
000_adaptive,adaptive,0,0,tornado_y,0.250,320345,0.250123,2.075300,5,7.075300,1,0,0,0
000_adaptive,adaptive,0,0,tornado_y,0.275,352107,0.274923,2.101699,5,7.101699,1,0,0,0
000_adaptive,adaptive,0,0,tornado_y,0.300,384248,0.300018,2.136375,5,7.136375,1,0,0,0
000_adaptive,adaptive,0,0,tornado_y,0.325,416256,0.325008,2.179835,5,7.179835,1,0,0,0
000_adaptive,adaptive,0,0,tornado_y,0.350,448322,0.350045,2.238427,5,7.238427,1,0,0,0
000_adaptive,adaptive,0,0,tornado_y,0.375,480036,0.374812,2.313270,5,7.313270,1,0,0,0
000_adaptive,adaptive,0,0,tornado_y,0.400,511878,0.399673,2.405640,5,7.405640,1,0,0,0
000_adaptive,adaptive,0,0,tornado_y,0.425,544103,0.424837,2.532510,5,7.532510,1,0,0,0
000_adaptive,adaptive,0,0,tornado_y,0.450,576091,0.449813,2.704775,5,7.704775,1,0,0,0
000_adaptive,adaptive,0,0,tornado_y,0.475,608139,0.47483,2.954558,5,7.954558,1,0,0,0
000_adaptive,adaptive,0,0,tornado_y,0.500,640164,0.49983,3.350928,5,8.350928,1,0,0,0
000_adaptive,adaptive,0,0,tornado_y,0.525,672348,0.524962,4.036193,5,9.036193,1,0,0,0
000_adaptive,adaptive,0,0,tornado_y,0.550,704079,0.54973,5.408537,5,10.408537,1,0,0,0
000_adaptive,adaptive,0,0,tornado_y,0.575,735754,0.574462,9.333743,5,14.333743,1,0,0,0
000_adaptive,adaptive,0,0,tornado_y,0.600,762866,0.59562,47.135726,5,52.135726,1,0,0,0
000_adaptive,adaptive,0,0,tornado_y,0.625,767326,0.599105,207.531933,5,212.531933,1,0,0,0
000_adaptive,adaptive,0,0,tornado_y,0.650,767636,0.599348,388.891948,5,393.891948,1,0,0,0
000_adaptive,adaptive,0,0,tornado_y,0.675,767757,0.599437,558.849617,5,563.849617,1,0,0,0
000_adaptive,adaptive,0,0,tornado_y,0.700,767817,0.599482,718.036790,5,723.036790,1,0,0,0
000_adaptive,adaptive,0,0,tornado_y,0.725,767844,0.599501,864.641372,5,869.641372,1,0,0,0
000_adaptive,adaptive,0,0,tornado_y,0.750,767869,0.599516,1002.615174,5,1007.615174,1,0,0,0
000_adaptive,adaptive,0,0,tornado_y,0.775,767887,0.599528,1132.034755,5,1137.034755,1,0,0,0
000_adaptive,adaptive,0,0,tornado_y,0.800,767908,0.599541,1252.755181,5,1257.755181,1,0,0,0
000_adaptive,adaptive,0,0,tornado_y,0.825,767923,0.599549,1365.672822,5,1370.672822,1,0,0,0
000_adaptive,adaptive,0,0,tornado_y,0.850,767936,0.599559,1472.059256,5,1477.059256,1,0,0,0
000_adaptive,adaptive,0,0,tornado_y,0.875,767944,0.599566,1571.651486,5,1576.651486,1,0,0,0
000_adaptive,adaptive,0,0,tornado_y,0.900,767954,0.599573,1666.524519,5,1671.524519,1,0,0,0
000_adaptive,adaptive,0,0,tornado_y,0.925,767967,0.59958,1757.490494,5,1762.490494,1,0,0,0
000_adaptive,adaptive,0,0,tornado_y,0.950,767977,0.599586,1842.665071,5,1847.665071,1,0,0,0
000_adaptive,adaptive,0,0,tornado_y,0.975,767989,0.599594,1922.652627,5,1927.652627,1,0,0,0
000_adaptive,adaptive,0,0,tornado_y,1.000,768000,0.5996,1999.628953,5,2004.628953,1,0,0,0
340_adaptive,adaptive,3,4,diagonal_3d,0.025,31877,0.024875,2.000031,11.055842,13.055873,4.000220,0,0,6.28141e-05
340_adaptive,adaptive,3,4,diagonal_3d,0.050,64179,0.0500867,2.000530,11.129276,13.129806,4.001482,0,0,0.000811093
340_adaptive,adaptive,3,4,diagonal_3d,0.075,95843,0.0747922,2.002214,11.231819,13.234034,4.009746,0,0,0.00509746
340_adaptive,adaptive,3,4,diagonal_3d,0.100,128013,0.0998992,2.005255,11.373415,13.378671,4.027473,0,0,0.0137404
340_adaptive,adaptive,3,4,diagonal_3d,0.125,159952,0.124826,2.010978,11.572485,13.583463,4.057530,0,0,0.0295224
340_adaptive,adaptive,3,4,diagonal_3d,0.150,192279,0.15004,2.019979,11.901167,13.921146,4.099244,0,0,0.0522882
340_adaptive,adaptive,3,4,diagonal_3d,0.175,224176,0.174912,2.036125,12.636044,14.672169,4.136605,0,0,0.07368
340_adaptive,adaptive,3,4,diagonal_3d,0.200,256076,0.199788,2.073238,13.812669,15.885907,4.133684,0,0,0.0797798
340_adaptive,adaptive,3,4,diagonal_3d,0.225,277487,0.2163,40.457243,18.069352,58.526594,4.106153,0,0,0.0829144
340_adaptive,adaptive,3,4,diagonal_3d,0.250,235993,0.183607,199.540897,28.519537,228.060434,4.100546,0,0,0.133709
340_adaptive,adaptive,3,4,diagonal_3d,0.275,190032,0.147509,956.555058,45.948430,1002.503488,4.064165,0,0,0.179243
340_adaptive,adaptive,3,4,diagonal_3d,0.300,171023,0.132614,1530.537533,51.767129,1582.304661,4.062994,0,0,0.219404
340_adaptive,adaptive,3,4,diagonal_3d,0.325,152625,0.118272,2121.407047,62.888690,2184.295737,4.073388,0,0,0.228961
340_adaptive,adaptive,3,4,diagonal_3d,0.350,173058,0.13422,2059.435373,55.978696,2115.414070,4.058503,0,0,0.212954
340_adaptive,adaptive,3,4,diagonal_3d,0.375,165374,0.12824,2609.530189,57.686245,2667.216434,4.061664,0,0,0.215374
340_adaptive,adaptive,3,4,diagonal_3d,0.400,165192,0.128101,2648.892528,56.226805,2705.119334,4.054797,0,0,0.20155
340_adaptive,adaptive,3,4,diagonal_3d,0.425,154367,0.11956,2438.462914,61.824925,2500.287839,4.061057,0,0,0.230644
340_adaptive,adaptive,3,4,diagonal_3d,0.450,154449,0.119712,2570.412845,57.747997,2628.160841,4.065215,0,0,0.222532
340_adaptive,adaptive,3,4,diagonal_3d,0.475,136774,0.105867,2978.970408,68.705963,3047.676371,4.077559,0,0,0.251945
340_adaptive,adaptive,3,4,diagonal_3d,0.500,181697,0.140958,2871.014604,53.050209,2924.064813,4.050835,0,0,0.191137
340_adaptive,adaptive,3,4,diagonal_3d,0.525,151030,0.117037,3308.223421,64.178590,3372.402011,4.066833,0,0,0.222934
340_adaptive,adaptive,3,4,diagonal_3d,0.550,172196,0.133569,3042.361103,52.272174,3094.633276,4.056127,0,0,0.210536
340_adaptive,adaptive,3,4,diagonal_3d,0.575,160316,0.12427,3192.199351,56.589717,3248.789069,4.067312,0,0,0.228716
340_adaptive,adaptive,3,4,diagonal_3d,0.600,171112,0.132693,3146.285657,55.846615,3202.132272,4.065176,0,0,0.210801
340_adaptive,adaptive,3,4,diagonal_3d,0.625,160187,0.124184,3420.193847,61.315542,3481.509389,4.063288,0,0,0.227649
340_adaptive,adaptive,3,4,diagonal_3d,0.650,154708,0.119908,3425.160755,57.392984,3482.553739,4.062750,0,0,0.217517
340_adaptive,adaptive,3,4,diagonal_3d,0.675,156493,0.121264,3437.882726,59.966917,3497.849644,4.062738,0,0,0.220851
340_adaptive,adaptive,3,4,diagonal_3d,0.700,158713,0.12303,3291.282533,59.379111,3350.661644,4.065056,0,0,0.228291
340_adaptive,adaptive,3,4,diagonal_3d,0.725,169929,0.131753,3256.447540,56.036408,3312.483948,4.057820,0,0,0.21473
340_adaptive,adaptive,3,4,diagonal_3d,0.750,150395,0.116498,3903.471479,59.853546,3963.325024,4.069931,0,0,0.217298
340_adaptive,adaptive,3,4,diagonal_3d,0.775,167607,0.129977,3321.840410,56.289481,3378.129891,4.060510,0,0,0.209371
340_adaptive,adaptive,3,4,diagonal_3d,0.800,175466,0.136092,3411.485798,51.802638,3463.288436,4.053514,0,0,0.215117
340_adaptive,adaptive,3,4,diagonal_3d,0.825,171374,0.132888,3449.174677,57.012105,3506.186782,4.057796,0,0,0.205383
340_adaptive,adaptive,3,4,diagonal_3d,0.850,157952,0.122412,3675.562516,61.234850,3736.797367,4.059073,0,0,0.231557
340_adaptive,adaptive,3,4,diagonal_3d,0.875,171350,0.132898,3577.373817,53.725830,3631.099647,4.052013,0,0,0.212727
340_adaptive,adaptive,3,4,diagonal_3d,0.900,162095,0.125624,3537.072376,56.874377,3593.946753,4.066742,0,0,0.221935
340_adaptive,adaptive,3,4,diagonal_3d,0.925,146671,0.113577,3978.558217,67.299218,4045.857435,4.069969,0,0,0.237641
340_adaptive,adaptive,3,4,diagonal_3d,0.950,176341,0.136799,3597.300960,54.431312,3651.732272,4.057201,0,0,0.211213
340_adaptive,adaptive,3,4,diagonal_3d,0.975,171290,0.132854,3950.823461,58.027086,4008.850547,4.060258,0,0,0.212269
340_adaptive,adaptive,3,4,diagonal_3d,1.000,162090,0.125645,3985.186947,59.999465,4045.186413,4.060929,0,0,0.217595
340_adaptive,adaptive,3,4,tornado_x_3d,0.025,31877,0.0248797,2.000031,9.079916,11.079947,3.011995,0,0,0.0028889
340_adaptive,adaptive,3,4,tornado_x_3d,0.050,64179,0.0500922,2.000546,9.293443,11.293989,3.079104,0,0,0.0179513
340_adaptive,adaptive,3,4,tornado_x_3d,0.075,95843,0.0748063,2.002277,9.800004,11.802281,3.204539,0,0,0.0467875
340_adaptive,adaptive,3,4,tornado_x_3d,0.100,128013,0.0998656,2.022116,14.273571,16.295686,3.253137,0,0,0.0551835
340_adaptive,adaptive,3,4,tornado_x_3d,0.125,93772,0.072743,95.631161,39.953582,135.584743,3.181074,0,0,0.0704965
340_adaptive,adaptive,3,4,tornado_x_3d,0.150,16046,0.0118367,1354.085407,372.954590,1727.039997,3.840143,0,0,0.414164
340_adaptive,adaptive,3,4,tornado_x_3d,0.175,10698,0.00766094,2453.689374,600.371201,3054.060575,4.245564,0,0,0.643076
340_adaptive,adaptive,3,4,tornado_x_3d,0.200,10194,0.00726406,2760.631319,633.955367,3394.586685,4.303399,0,0,0.669606
340_adaptive,adaptive,3,4,tornado_x_3d,0.225,9871,0.00701172,2969.066072,673.159777,3642.225850,4.361337,0,0,0.700501
340_adaptive,adaptive,3,4,tornado_x_3d,0.250,9499,0.00672188,3173.966295,681.946769,3855.913064,4.400395,0,0,0.72106
340_adaptive,adaptive,3,4,tornado_x_3d,0.275,9518,0.0067375,3283.803224,685.054035,3968.857259,4.413033,0,0,0.725649
340_adaptive,adaptive,3,4,tornado_x_3d,0.300,9495,0.00671953,3410.505290,690.587606,4101.092896,4.448436,0,0,0.743169
340_adaptive,adaptive,3,4,tornado_x_3d,0.325,9337,0.00659609,3473.865806,686.882151,4160.747957,4.464053,0,0,0.750089
340_adaptive,adaptive,3,4,tornado_x_3d,0.350,9270,0.00654531,3504.460850,702.929697,4207.390547,4.422535,0,0,0.73884
340_adaptive,adaptive,3,4,tornado_x_3d,0.375,9253,0.00653203,3590.822748,702.482478,4293.305227,4.455448,0,0,0.753977
340_adaptive,adaptive,3,4,tornado_x_3d,0.400,9297,0.00656406,3626.298976,698.564985,4324.863961,4.452392,0,0,0.752797
340_adaptive,adaptive,3,4,tornado_x_3d,0.425,9123,0.00642891,3674.893912,713.367724,4388.261636,4.450966,0,0,0.751246
340_adaptive,adaptive,3,4,tornado_x_3d,0.450,9161,0.00645937,3725.942429,700.334906,4426.277334,4.461659,0,0,0.758224
340_adaptive,adaptive,3,4,tornado_x_3d,0.475,9198,0.00648672,3738.797543,700.234614,4439.032157,4.443575,0,0,0.750693
340_adaptive,adaptive,3,4,tornado_x_3d,0.500,9229,0.00651016,3761.292572,721.625945,4482.918517,4.452538,0,0,0.75363
340_adaptive,adaptive,3,4,tornado_x_3d,0.525,9199,0.00648672,3819.057208,675.434903,4494.492111,4.461038,0,0,0.759605
340_adaptive,adaptive,3,4,tornado_x_3d,0.550,9091,0.00640312,3838.957784,694.544046,4533.501830,4.465959,0,0,0.759151
340_adaptive,adaptive,3,4,tornado_x_3d,0.575,9151,0.00645,3870.958939,708.358891,4579.317829,4.459545,0,0,0.758479
340_adaptive,adaptive,3,4,tornado_x_3d,0.600,9096,0.00641016,3858.420353,722.678611,4581.098964,4.472761,0,0,0.762218
340_adaptive,adaptive,3,4,tornado_x_3d,0.625,9130,0.00643437,3896.401651,696.550146,4592.951797,4.452768,0,0,0.755828
340_adaptive,adaptive,3,4,tornado_x_3d,0.650,9170,0.00646328,3891.526049,701.806237,4593.332286,4.462952,0,0,0.76248
340_adaptive,adaptive,3,4,tornado_x_3d,0.675,9261,0.00653516,3900.728870,698.762702,4599.491572,4.478900,0,0,0.760311
340_adaptive,adaptive,3,4,tornado_x_3d,0.700,9066,0.00638281,3908.852754,710.518605,4619.371359,4.466707,0,0,0.765973
340_adaptive,adaptive,3,4,tornado_x_3d,0.725,9211,0.00649609,3940.645821,697.962598,4638.608419,4.471197,0,0,0.762357
340_adaptive,adaptive,3,4,tornado_x_3d,0.750,9104,0.00641328,3940.193933,681.849677,4622.043611,4.457059,0,0,0.762699
340_adaptive,adaptive,3,4,tornado_x_3d,0.775,9163,0.00645937,3929.876996,724.398162,4654.275157,4.480527,0,0,0.767417
340_adaptive,adaptive,3,4,tornado_x_3d,0.800,9139,0.00644141,3965.029351,701.843784,4666.873135,4.444148,0,0,0.756822
340_adaptive,adaptive,3,4,tornado_x_3d,0.825,8992,0.00632266,3951.497220,696.307550,4647.804770,4.452490,0,0,0.761028
340_adaptive,adaptive,3,4,tornado_x_3d,0.850,9244,0.00652344,3973.063473,705.838802,4678.902275,4.454611,0,0,0.756048
340_adaptive,adaptive,3,4,tornado_x_3d,0.875,9191,0.00648047,3952.812899,685.927547,4638.740446,4.470524,0,0,0.761061
340_adaptive,adaptive,3,4,tornado_x_3d,0.900,9104,0.00641328,3979.343404,680.237544,4659.580948,4.431478,0,0,0.754538
340_adaptive,adaptive,3,4,tornado_x_3d,0.925,9140,0.00643984,3979.946015,700.242145,4680.188160,4.472037,0,0,0.770351
340_adaptive,adaptive,3,4,tornado_x_3d,0.950,9213,0.0065,3979.325962,703.682452,4683.008413,4.457572,0,0,0.755769
340_adaptive,adaptive,3,4,tornado_x_3d,0.975,9208,0.00649453,3984.492482,691.103452,4675.595934,4.439071,0,0,0.751353
340_adaptive,adaptive,3,4,tornado_x_3d,1.000,9236,0.00651641,3972.310035,686.233785,4658.543820,4.448268,0,0,0.755665
340_adaptive,adaptive,3,4,tornado_y,0.025,31877,0.0248867,2.000031,5.976173,7.976205,1.488087,0,0,0
340_adaptive,adaptive,3,4,tornado_y,0.050,64179,0.0501109,2.000514,5.990490,7.991004,1.495245,0,0,0
340_adaptive,adaptive,3,4,tornado_y,0.075,95843,0.0748328,2.002057,5.995553,7.997609,1.497776,0,0,0
340_adaptive,adaptive,3,4,tornado_y,0.100,128013,0.0999469,2.004518,5.998687,8.003205,1.499343,0,0,0
340_adaptive,adaptive,3,4,tornado_y,0.125,159953,0.124886,2.008971,5.999762,8.008733,1.499881,0,0,0
340_adaptive,adaptive,3,4,tornado_y,0.150,192279,0.150126,2.015529,6.002118,8.017647,1.501059,0,0,0
340_adaptive,adaptive,3,4,tornado_y,0.175,224176,0.175024,2.025001,6.001397,8.026398,1.500699,0,0,0
340_adaptive,adaptive,3,4,tornado_y,0.200,256078,0.199932,2.037095,6.000418,8.037513,1.500209,0,0,0
340_adaptive,adaptive,3,4,tornado_y,0.225,288187,0.224991,2.053624,5.999844,8.053467,1.499922,0,0,0
340_adaptive,adaptive,3,4,tornado_y,0.250,320345,0.250096,2.075290,5.998579,8.073868,1.499289,0,0,0
340_adaptive,adaptive,3,4,tornado_y,0.275,352107,0.274894,2.101687,5.999307,8.100994,1.499653,0,0,0
340_adaptive,adaptive,3,4,tornado_y,0.300,384248,0.299986,2.136363,6.000016,8.136379,1.500008,0,0,0
340_adaptive,adaptive,3,4,tornado_y,0.325,416256,0.324975,2.179819,5.999365,8.179184,1.499683,0,0,0
340_adaptive,adaptive,3,4,tornado_y,0.350,448322,0.350009,2.238393,6.000027,8.238420,1.500013,0,0,0
340_adaptive,adaptive,3,4,tornado_y,0.375,480036,0.374775,2.313246,5.999800,8.313046,1.499900,0,0,0
340_adaptive,adaptive,3,4,tornado_y,0.400,511878,0.399637,2.405620,5.998923,8.404543,1.499461,0,0,0
340_adaptive,adaptive,3,4,tornado_y,0.425,544103,0.424795,2.532500,5.998858,8.531358,1.499429,0,0,0
340_adaptive,adaptive,3,4,tornado_y,0.450,576091,0.449769,2.704765,5.998715,8.703480,1.499357,0,0,0
340_adaptive,adaptive,3,4,tornado_y,0.475,608139,0.474784,2.954534,5.998600,8.953133,1.499300,0,0,0
340_adaptive,adaptive,3,4,tornado_y,0.500,640164,0.499782,3.350894,5.998504,9.349398,1.499252,0,0,0
340_adaptive,adaptive,3,4,tornado_y,0.525,672348,0.524913,4.036205,5.998518,10.034723,1.499259,0,0,0
340_adaptive,adaptive,3,4,tornado_y,0.550,704079,0.54968,5.408532,5.998212,11.406744,1.499106,0,0,0
340_adaptive,adaptive,3,4,tornado_y,0.575,735754,0.574406,9.333864,5.998199,15.332063,1.499100,0,0,0
340_adaptive,adaptive,3,4,tornado_y,0.600,762866,0.595564,47.133701,5.998523,53.132224,1.499261,0,0,0
340_adaptive,adaptive,3,4,tornado_y,0.625,767326,0.599046,207.512780,5.999694,213.512474,1.499847,0,0,0
340_adaptive,adaptive,3,4,tornado_y,0.650,767636,0.599291,388.855827,5.999769,394.855596,1.499885,0,0,0
340_adaptive,adaptive,3,4,tornado_y,0.675,767757,0.599381,558.797656,5.999739,564.797395,1.499870,0,0,0
340_adaptive,adaptive,3,4,tornado_y,0.700,767817,0.599427,717.970310,5.999763,723.970073,1.499881,0,0,0
340_adaptive,adaptive,3,4,tornado_y,0.725,767844,0.599447,864.563629,5.999760,870.563389,1.499880,0,0,0
340_adaptive,adaptive,3,4,tornado_y,0.750,767869,0.599463,1002.524833,5.999765,1008.524599,1.499883,0,0,0
340_adaptive,adaptive,3,4,tornado_y,0.775,767887,0.599474,1131.933237,5.999756,1137.932993,1.499878,0,0,0
340_adaptive,adaptive,3,4,tornado_y,0.800,767908,0.599487,1252.642861,5.999762,1258.642623,1.499881,0,0,0
340_adaptive,adaptive,3,4,tornado_y,0.825,767923,0.599496,1365.551974,5.999751,1371.551725,1.499876,0,0,0
340_adaptive,adaptive,3,4,tornado_y,0.850,767936,0.599506,1471.929035,5.999739,1477.928775,1.499870,0,0,0
340_adaptive,adaptive,3,4,tornado_y,0.875,767944,0.599513,1571.512180,5.999734,1577.511915,1.499867,0,0,0
340_adaptive,adaptive,3,4,tornado_y,0.900,767954,0.59952,1666.378994,5.999742,1672.378736,1.499871,0,0,0
340_adaptive,adaptive,3,4,tornado_y,0.925,767967,0.599528,1757.337166,5.999734,1763.336900,1.499867,0,0,0
340_adaptive,adaptive,3,4,tornado_y,0.950,767977,0.599534,1842.506775,5.999739,1848.506514,1.499870,0,0,0
340_adaptive,adaptive,3,4,tornado_y,0.975,767989,0.599542,1922.487354,5.999737,1928.487090,1.499868,0,0,0
340_adaptive,adaptive,3,4,tornado_y,1.000,768000,0.59955,1999.462302,5.999750,2005.462052,1.499875,0,0,0
340_flex,flex,3,4,diagonal_3d,0.025,31877,0.024875,2.000031,11.054554,13.054585,4.000503,0.000125482,0.000125628,9.42211e-05
340_flex,flex,3,4,diagonal_3d,0.050,64179,0.0500844,2.000530,11.133384,13.133915,4.003806,0.00171396,0.00171585,0.000842329
340_flex,flex,3,4,diagonal_3d,0.075,95843,0.074793,2.002329,11.238795,13.241124,4.014645,0.0071158,0.00712383,0.00409464
340_flex,flex,3,4,diagonal_3d,0.100,128013,0.0998984,2.005107,11.393360,13.398467,4.044201,0.0227711,0.0227966,0.0106202
340_flex,flex,3,4,diagonal_3d,0.125,159952,0.124825,2.010809,11.603382,13.614191,4.088718,0.0445759,0.044625,0.0225315
340_flex,flex,3,4,diagonal_3d,0.150,192279,0.150048,2.019572,11.861914,13.881486,4.144334,0.0727797,0.0728623,0.0366706
340_flex,flex,3,4,diagonal_3d,0.175,224176,0.174923,2.032144,12.183165,14.215308,4.205420,0.106885,0.107016,0.0512144
340_flex,flex,3,4,diagonal_3d,0.200,256078,0.199811,2.050043,12.646404,14.696447,4.263198,0.143448,0.143628,0.0636422
340_flex,flex,3,4,diagonal_3d,0.225,288187,0.224832,2.076512,13.312633,15.389145,4.305318,0.182645,0.1829,0.0691697
340_flex,flex,3,4,diagonal_3d,0.250,320343,0.249887,2.118266,13.971872,16.090138,4.338666,0.223738,0.22408,0.0707696
340_flex,flex,3,4,diagonal_3d,0.275,352107,0.274648,2.184224,14.788434,16.972658,4.365126,0.261423,0.261838,0.0688465
340_flex,flex,3,4,diagonal_3d,0.300,384245,0.299705,2.296580,15.405964,17.702544,4.387135,0.293092,0.293567,0.0720369
340_flex,flex,3,4,diagonal_3d,0.325,416250,0.324663,2.892073,16.115678,19.007751,4.403888,0.320094,0.320619,0.0752392
340_flex,flex,3,4,diagonal_3d,0.350,448285,0.349612,3.042563,16.634063,19.676626,4.418840,0.344919,0.345522,0.0810453
340_flex,flex,3,4,diagonal_3d,0.375,479586,0.373987,4.822936,17.175777,21.998713,4.428458,0.367102,0.367779,0.0908455
340_flex,flex,3,4,diagonal_3d,0.400,511109,0.39853,12.679237,18.139423,30.818660,4.447994,0.397659,0.398431,0.102925
340_flex,flex,3,4,diagonal_3d,0.425,374939,0.291161,64.636136,24.694689,89.330825,4.475499,0.439688,0.442346,0.140555
340_flex,flex,3,4,diagonal_3d,0.450,79312,0.0602797,1183.916470,89.437829,1273.354299,4.541875,0.453261,0.465914,0.38184
340_flex,flex,3,4,diagonal_3d,0.475,48929,0.0365086,2455.549057,182.068199,2637.617256,4.599260,0.472235,0.494447,0.582419
340_flex,flex,3,4,diagonal_3d,0.500,45486,0.0338039,2656.122975,182.961266,2839.084240,4.613002,0.483006,0.507754,0.630636
340_flex,flex,3,4,diagonal_3d,0.525,43586,0.0323359,2978.927277,214.462551,3193.389828,4.601353,0.464117,0.488741,0.649505
340_flex,flex,3,4,diagonal_3d,0.550,42398,0.0314023,2995.462023,210.895360,3206.357383,4.651026,0.510755,0.538749,0.681428
340_flex,flex,3,4,diagonal_3d,0.575,38775,0.0286141,3064.099820,194.325998,3258.425818,4.634904,0.481289,0.509529,0.707503
340_flex,flex,3,4,diagonal_3d,0.600,41573,0.0307234,3254.103163,205.501729,3459.604892,4.647256,0.513001,0.542313,0.702411
340_flex,flex,3,4,diagonal_3d,0.625,40332,0.0297742,3337.858309,258.140721,3595.999029,4.637139,0.478603,0.506494,0.730445
340_flex,flex,3,4,diagonal_3d,0.650,39559,0.0292172,3040.291647,194.484625,3234.776271,4.600139,0.466013,0.492941,0.685411
340_flex,flex,3,4,diagonal_3d,0.675,40097,0.0295867,3332.332339,228.075493,3560.407832,4.670328,0.514452,0.544691,0.728552
340_flex,flex,3,4,diagonal_3d,0.700,38910,0.028643,3361.423506,257.367482,3618.790988,4.642855,0.49229,0.522461,0.755176
340_flex,flex,3,4,diagonal_3d,0.725,41503,0.0307109,3350.137268,231.474180,3581.611447,4.639685,0.493531,0.521063,0.693488
340_flex,flex,3,4,diagonal_3d,0.750,36253,0.0265969,3525.531753,232.810510,3758.342263,4.639937,0.481422,0.51266,0.777817
340_flex,flex,3,4,diagonal_3d,0.775,38649,0.0284984,3388.890592,228.772986,3617.663578,4.583064,0.442832,0.469187,0.73595
340_flex,flex,3,4,diagonal_3d,0.800,40110,0.0296109,3394.011714,179.862356,3573.874070,4.623424,0.487983,0.516411,0.74624
340_flex,flex,3,4,diagonal_3d,0.825,38883,0.0286703,3440.349120,259.310644,3699.659763,4.638591,0.481804,0.510491,0.682735
340_flex,flex,3,4,diagonal_3d,0.850,37828,0.0277969,3267.189854,176.955115,3444.144969,4.632181,0.494713,0.52597,0.713997
340_flex,flex,3,4,diagonal_3d,0.875,45377,0.0337422,3330.903311,171.451239,3502.354550,4.603843,0.482006,0.506414,0.704098
340_flex,flex,3,4,diagonal_3d,0.900,44972,0.0334438,3206.287867,168.555340,3374.843207,4.655602,0.524415,0.550925,0.679733
340_flex,flex,3,4,diagonal_3d,0.925,41727,0.030882,3606.077361,187.468643,3793.546004,4.546434,0.420543,0.443927,0.764072
340_flex,flex,3,4,diagonal_3d,0.950,38063,0.0280117,3175.519676,166.814726,3342.334402,4.631544,0.482673,0.512397,0.727123
340_flex,flex,3,4,diagonal_3d,0.975,39903,0.0294867,3506.547969,202.108523,3708.656493,4.674032,0.521189,0.551016,0.727181
340_flex,flex,3,4,diagonal_3d,1.000,36375,0.0267258,3489.022246,206.249847,3695.272092,4.667690,0.504082,0.535999,0.80207
340_flex,flex,3,4,tornado_x_3d,0.025,31877,0.0248789,2.000031,9.153776,11.153808,3.051123,0.0476519,0.0476998,0.000659444
340_flex,flex,3,4,tornado_x_3d,0.050,64179,0.0500922,2.000546,9.389438,11.389984,3.142628,0.12314,0.123257,0.00399264
340_flex,flex,3,4,tornado_x_3d,0.075,95843,0.0748055,2.002193,9.637351,11.639544,3.235016,0.183039,0.183215,0.0113524
340_flex,flex,3,4,tornado_x_3d,0.100,128013,0.0999125,2.005145,9.932941,11.938086,3.333104,0.224477,0.224697,0.0240054
340_flex,flex,3,4,tornado_x_3d,0.125,159953,0.124838,2.010363,10.612096,12.622459,3.437300,0.251518,0.251771,0.0404714
340_flex,flex,3,4,tornado_x_3d,0.150,192279,0.150021,2.022002,13.266634,15.288636,3.459618,0.279136,0.279502,0.0385675
340_flex,flex,3,4,tornado_x_3d,0.175,224172,0.174879,2.241305,13.904613,16.145918,3.455458,0.302834,0.303277,0.034515
340_flex,flex,3,4,tornado_x_3d,0.200,255991,0.199699,3.240021,14.097819,17.337840,3.454602,0.326652,0.327133,0.031923
340_flex,flex,3,4,tornado_x_3d,0.225,288021,0.22467,3.591396,14.147088,17.738484,3.457992,0.350405,0.350946,0.030903
340_flex,flex,3,4,tornado_x_3d,0.250,319262,0.249012,14.258107,14.441265,28.699372,3.467004,0.372396,0.373011,0.0315465
340_flex,flex,3,4,tornado_x_3d,0.275,267115,0.20815,166.270024,19.975412,186.245436,3.519622,0.447856,0.449004,0.0348907
340_flex,flex,3,4,tornado_x_3d,0.300,210662,0.163943,569.914585,30.089213,600.003798,3.653619,0.555459,0.557616,0.0422403
340_flex,flex,3,4,tornado_x_3d,0.325,189442,0.14733,1106.126766,36.009990,1142.136757,3.723262,0.629713,0.632581,0.0460434
340_flex,flex,3,4,tornado_x_3d,0.350,190331,0.147972,1349.779498,35.473633,1385.253131,3.750042,0.665872,0.669131,0.0504424
340_flex,flex,3,4,tornado_x_3d,0.375,190697,0.148285,1191.017407,35.881542,1226.898949,3.736735,0.657493,0.660583,0.0522536
340_flex,flex,3,4,tornado_x_3d,0.400,177029,0.137602,1170.226849,36.165838,1206.392687,3.741850,0.649628,0.652944,0.0528019
340_flex,flex,3,4,tornado_x_3d,0.425,173720,0.135009,1020.932956,34.320950,1055.253906,3.752436,0.666233,0.669734,0.0545448
340_flex,flex,3,4,tornado_x_3d,0.450,182198,0.141627,953.304916,34.234523,987.539438,3.738519,0.654607,0.657911,0.0567621
340_flex,flex,3,4,tornado_x_3d,0.475,180802,0.140544,936.238760,34.954023,971.192784,3.751657,0.66882,0.672188,0.0584949
340_flex,flex,3,4,tornado_x_3d,0.500,189319,0.147167,888.928244,33.451564,922.379808,3.746998,0.665311,0.668649,0.0613301
340_flex,flex,3,4,tornado_x_3d,0.525,190582,0.148155,835.463641,31.030616,866.494257,3.784985,0.703125,0.706625,0.0644913
340_flex,flex,3,4,tornado_x_3d,0.550,197595,0.153642,994.556564,32.231478,1026.788042,3.772630,0.697022,0.700328,0.0659253
340_flex,flex,3,4,tornado_x_3d,0.575,202054,0.157105,1331.206739,32.530971,1363.737710,3.775443,0.703193,0.70655,0.0613693
340_flex,flex,3,4,tornado_x_3d,0.600,200024,0.155522,1431.048159,32.358069,1463.406228,3.787550,0.71115,0.714565,0.061376
340_flex,flex,3,4,tornado_x_3d,0.625,201273,0.156493,1739.872294,32.787191,1772.659485,3.790306,0.713568,0.716995,0.0599118
340_flex,flex,3,4,tornado_x_3d,0.650,203382,0.158152,1807.112274,32.625977,1839.738250,3.794353,0.718948,0.722314,0.0605481
340_flex,flex,3,4,tornado_x_3d,0.675,199861,0.155399,1802.213337,32.726988,1834.940325,3.783913,0.709258,0.712645,0.063722
340_flex,flex,3,4,tornado_x_3d,0.700,202143,0.157179,1849.999443,30.983801,1880.983245,3.788328,0.715261,0.718653,0.0622599
340_flex,flex,3,4,tornado_x_3d,0.725,198275,0.154141,1958.382397,29.889453,1988.271850,3.793436,0.719526,0.723082,0.0642372
340_flex,flex,3,4,tornado_x_3d,0.750,193564,0.150477,1737.004102,29.611959,1766.616060,3.785313,0.708066,0.711569,0.0706657
340_flex,flex,3,4,tornado_x_3d,0.775,194166,0.150942,1969.555019,32.986869,2002.541888,3.773553,0.694679,0.69813,0.0693664
340_flex,flex,3,4,tornado_x_3d,0.800,200644,0.156019,2189.256975,30.876432,2220.133407,3.758948,0.683434,0.686651,0.0650613
340_flex,flex,3,4,tornado_x_3d,0.825,206306,0.16043,2277.409827,32.449486,2309.859313,3.762396,0.686097,0.689291,0.064188
340_flex,flex,3,4,tornado_x_3d,0.850,198461,0.1543,2396.831148,33.118631,2429.949778,3.787088,0.712719,0.716173,0.0635987
340_flex,flex,3,4,tornado_x_3d,0.875,201966,0.157055,2370.186032,32.408213,2402.594245,3.763398,0.68815,0.691355,0.0647913
340_flex,flex,3,4,tornado_x_3d,0.900,200207,0.155673,2433.500161,31.539084,2465.039245,3.769469,0.69518,0.698477,0.0659182
340_flex,flex,3,4,tornado_x_3d,0.925,197909,0.153858,2586.350161,31.014868,2617.365029,3.778616,0.703071,0.706537,0.0667723
340_flex,flex,3,4,tornado_x_3d,0.950,199131,0.15483,2649.657080,31.880696,2681.537776,3.774966,0.697757,0.701094,0.0665244
340_flex,flex,3,4,tornado_x_3d,0.975,199509,0.155132,2711.698593,32.196395,2743.894989,3.770951,0.697502,0.700804,0.066103
340_flex,flex,3,4,tornado_x_3d,1.000,196251,0.152555,2747.514055,32.442324,2779.956379,3.785006,0.707935,0.711488,0.0655499
340_flex,flex,3,4,tornado_y,0.025,31877,0.0248867,2.000031,5.978873,7.978904,1.489437,0.00138031,0.00138126,0
340_flex,flex,3,4,tornado_y,0.050,64179,0.0501109,2.000514,6.000078,8.000592,1.499953,0.00472117,0.00472389,0
340_flex,flex,3,4,tornado_y,0.075,95843,0.0748328,2.002057,6.016140,8.018197,1.507778,0.0100059,0.0100119,0
340_flex,flex,3,4,tornado_y,0.100,128013,0.0999469,2.004518,6.033830,8.038348,1.516235,0.0168889,0.0168996,1.56333e-05
340_flex,flex,3,4,tornado_y,0.125,159953,0.124886,2.008977,6.049633,8.058610,1.523428,0.0235444,0.023559,9.38356e-05
340_flex,flex,3,4,tornado_y,0.150,192279,0.150126,2.015539,6.067100,8.082639,1.531284,0.0302217,0.0302403,0.000218567
340_flex,flex,3,4,tornado_y,0.175,224176,0.175024,2.025014,6.082212,8.107226,1.537644,0.0368684,0.0368922,0.000379412
340_flex,flex,3,4,tornado_y,0.200,256078,0.199931,2.037118,6.096224,8.133343,1.543163,0.0429322,0.0429601,0.000625215
340_flex,flex,3,4,tornado_y,0.225,288187,0.224989,2.053694,6.111429,8.165123,1.548985,0.0489162,0.0489503,0.00107991
340_flex,flex,3,4,tornado_y,0.250,320345,0.250091,2.075422,6.124926,8.200349,1.553691,0.0541791,0.0542177,0.00152757
340_flex,flex,3,4,tornado_y,0.275,352107,0.274888,2.101937,6.138983,8.240920,1.558592,0.0584936,0.0585353,0.00234755
340_flex,flex,3,4,tornado_y,0.300,384248,0.299977,2.136974,6.153392,8.290366,1.563134,0.0625716,0.0626167,0.00311221
340_flex,flex,3,4,tornado_y,0.325,416256,0.324966,2.180596,6.164553,8.345149,1.566155,0.0655918,0.065639,0.00424563
340_flex,flex,3,4,tornado_y,0.350,448322,0.350001,2.239897,6.176567,8.416463,1.569157,0.0681497,0.0681985,0.00546874
340_flex,flex,3,4,tornado_y,0.375,480036,0.374766,2.315699,6.186243,8.501942,1.571356,0.0702551,0.0703042,0.00689805
340_flex,flex,3,4,tornado_y,0.400,511878,0.399627,2.409267,6.195737,8.605004,1.573080,0.0716792,0.0717291,0.00851967
340_flex,flex,3,4,tornado_y,0.425,544103,0.424784,2.538289,6.204571,8.742860,1.574373,0.0728153,0.0728661,0.0104207
340_flex,flex,3,4,tornado_y,0.450,576091,0.449762,2.713786,6.212970,8.926756,1.575471,0.0737331,0.0737839,0.012821
340_flex,flex,3,4,tornado_y,0.475,608138,0.474772,2.970125,6.221462,9.191587,1.576612,0.0742299,0.0742824,0.0152047
340_flex,flex,3,4,tornado_y,0.500,640162,0.499767,3.376399,6.229904,9.606303,1.577725,0.0747983,0.074852,0.0180006
340_flex,flex,3,4,tornado_y,0.525,672343,0.524895,4.085769,6.238028,10.323797,1.578824,0.0750882,0.0751415,0.0209625
340_flex,flex,3,4,tornado_y,0.550,704073,0.549658,5.524852,6.247078,11.771931,1.579652,0.0753033,0.075358,0.0242637
340_flex,flex,3,4,tornado_y,0.575,735719,0.574362,9.911672,6.257558,16.169230,1.581310,0.0757585,0.0758138,0.0275578
340_flex,flex,3,4,tornado_y,0.600,761763,0.594691,53.610481,6.256099,59.866580,1.579452,0.0755511,0.0756064,0.0295006
340_flex,flex,3,4,tornado_y,0.625,765577,0.597665,218.142142,6.257349,224.399491,1.579546,0.0755953,0.0756512,0.0298989
340_flex,flex,3,4,tornado_y,0.650,765870,0.597898,399.344231,6.255094,405.599325,1.578802,0.0754345,0.0754898,0.0299722
340_flex,flex,3,4,tornado_y,0.675,766059,0.598035,568.523080,6.255741,574.778821,1.579356,0.0755464,0.075603,0.0301391
340_flex,flex,3,4,tornado_y,0.700,766044,0.598026,727.514486,6.257473,733.771959,1.579311,0.0755427,0.075599,0.0300193
340_flex,flex,3,4,tornado_y,0.725,766061,0.598045,873.804952,6.258790,880.063742,1.579979,0.0756676,0.0757233,0.0300144
340_flex,flex,3,4,tornado_y,0.750,766106,0.598074,1011.534390,6.255804,1017.790194,1.579007,0.0755587,0.0756151,0.0299699
340_flex,flex,3,4,tornado_y,0.775,766153,0.598106,1140.632095,6.258455,1146.890550,1.579754,0.0756964,0.0757534,0.0300898
340_flex,flex,3,4,tornado_y,0.800,766176,0.59812,1261.045554,6.257110,1267.302664,1.579614,0.0756784,0.075736,0.0300277
340_flex,flex,3,4,tornado_y,0.825,766128,0.598077,1373.687846,6.256704,1379.944550,1.579379,0.075537,0.0755951,0.0299188
340_flex,flex,3,4,tornado_y,0.850,766192,0.598134,1479.778931,6.258570,1486.037501,1.579894,0.0756769,0.0757342,0.0302647
340_flex,flex,3,4,tornado_y,0.875,766192,0.598128,1579.055457,6.257385,1585.312842,1.579439,0.0756194,0.0756775,0.0302846
340_flex,flex,3,4,tornado_y,0.900,766240,0.598162,1673.770070,6.258029,1680.028099,1.579522,0.0755025,0.0755609,0.030373
340_flex,flex,3,4,tornado_y,0.925,766230,0.598152,1764.576535,6.258413,1770.834947,1.579544,0.0756339,0.0756927,0.0303003
340_flex,flex,3,4,tornado_y,0.950,766125,0.598072,1849.871350,6.257975,1856.129324,1.579283,0.0756352,0.0756938,0.0300614
340_flex,flex,3,4,tornado_y,0.975,766187,0.59812,1929.308575,6.258545,1935.567120,1.579474,0.0755468,0.0756054,0.0304169
340_flex,flex,3,4,tornado_y,1.000,766197,0.598127,2006.116261,6.258292,2012.374553,1.579185,0.0754962,0.0755548,0.0302637
400_adaptive,adaptive,4,0,diagonal_3d,0.025,31877,0.024875,2.000031,11.045289,13.045320,4.000063,0,0,3.1407e-05
400_adaptive,adaptive,4,0,diagonal_3d,0.050,64179,0.0500867,2.000546,11.102463,13.103009,4.001279,0,0,0.000514732
400_adaptive,adaptive,4,0,diagonal_3d,0.075,95843,0.0747953,2.002214,11.179427,13.181642,4.006560,0,0,0.00212037
400_adaptive,adaptive,4,0,diagonal_3d,0.100,128013,0.0999016,2.005021,11.290841,13.295862,4.021177,0,0,0.00630308
400_adaptive,adaptive,4,0,diagonal_3d,0.125,159953,0.124827,2.010477,11.428582,13.439059,4.042960,0,0,0.0136752
400_adaptive,adaptive,4,0,diagonal_3d,0.150,192279,0.150048,2.018328,11.633247,13.651574,4.082099,0,0,0.0263562
400_adaptive,adaptive,4,0,diagonal_3d,0.175,224176,0.17493,2.031160,11.909790,13.940949,4.128159,0,0,0.0415435
400_adaptive,adaptive,4,0,diagonal_3d,0.200,256078,0.199809,2.048902,12.313510,14.362412,4.179640,0,0,0.0594316
400_adaptive,adaptive,4,0,diagonal_3d,0.225,288187,0.22484,2.075491,12.905071,14.980563,4.210115,0,0,0.0743376
400_adaptive,adaptive,4,0,diagonal_3d,0.250,320345,0.249902,2.116358,13.592302,15.708660,4.209801,0,0,0.08262
400_adaptive,adaptive,4,0,diagonal_3d,0.275,352106,0.274648,2.176086,14.412112,16.588198,4.187894,0,0,0.0852084
400_adaptive,adaptive,4,0,diagonal_3d,0.300,384246,0.299704,2.403807,15.438547,17.842355,4.163380,0,0,0.0859442
400_adaptive,adaptive,4,0,diagonal_3d,0.325,402121,0.313523,18.859004,18.482358,37.341362,4.131489,0,0,0.0935586
400_adaptive,adaptive,4,0,diagonal_3d,0.350,244455,0.189795,1082.055018,48.038825,1130.093843,4.099943,0,0,0.246833
400_adaptive,adaptive,4,0,diagonal_3d,0.375,201683,0.156361,1752.121699,61.918523,1814.040221,4.104816,0,0,0.310849
400_adaptive,adaptive,4,0,diagonal_3d,0.400,210669,0.163402,1960.117574,60.181742,2020.299315,4.101667,0,0,0.30095
400_adaptive,adaptive,4,0,diagonal_3d,0.425,208923,0.162005,2211.897346,60.020900,2271.918246,4.100431,0,0,0.312636
400_adaptive,adaptive,4,0,diagonal_3d,0.450,230034,0.178591,2245.432510,54.831414,2300.263924,4.088637,0,0,0.287218
400_adaptive,adaptive,4,0,diagonal_3d,0.475,238795,0.185401,2460.430811,53.208463,2513.639274,4.090143,0,0,0.27307
400_adaptive,adaptive,4,0,diagonal_3d,0.500,241123,0.187167,2333.749585,51.299294,2385.048878,4.088098,0,0,0.265525
400_adaptive,adaptive,4,0,diagonal_3d,0.525,218149,0.169234,2670.659374,59.342975,2730.002350,4.095421,0,0,0.297758
400_adaptive,adaptive,4,0,diagonal_3d,0.550,239608,0.18596,2600.180785,52.669708,2652.850493,4.088082,0,0,0.273097
400_adaptive,adaptive,4,0,diagonal_3d,0.575,205826,0.159598,2740.706743,61.953888,2802.660631,4.106567,0,0,0.309068
400_adaptive,adaptive,4,0,diagonal_3d,0.600,214889,0.166655,2638.739342,58.313776,2697.053118,4.095622,0,0,0.297401
400_adaptive,adaptive,4,0,diagonal_3d,0.625,226979,0.176171,2921.411279,55.671803,2977.083082,4.091655,0,0,0.284032
400_adaptive,adaptive,4,0,diagonal_3d,0.650,233032,0.180877,2872.207708,53.748629,2925.956337,4.087966,0,0,0.272164
400_adaptive,adaptive,4,0,diagonal_3d,0.675,208897,0.161999,2944.554521,59.900067,3004.454588,4.101698,0,0,0.306531
400_adaptive,adaptive,4,0,diagonal_3d,0.700,214784,0.166627,3110.783002,57.449665,3168.232667,4.097823,0,0,0.302115
400_adaptive,adaptive,4,0,diagonal_3d,0.725,197599,0.153202,3224.977817,63.598591,3288.576408,4.109710,0,0,0.323408
400_adaptive,adaptive,4,0,diagonal_3d,0.750,217590,0.1688,3264.480024,59.013177,3323.493201,4.093954,0,0,0.298578
400_adaptive,adaptive,4,0,diagonal_3d,0.775,209975,0.162837,3206.987814,59.846347,3266.834161,4.100532,0,0,0.305895
400_adaptive,adaptive,4,0,diagonal_3d,0.800,226575,0.175816,3288.116173,55.414794,3343.530967,4.089014,0,0,0.288815
400_adaptive,adaptive,4,0,diagonal_3d,0.825,238409,0.185036,3162.518725,52.855134,3215.373859,4.089358,0,0,0.279317
400_adaptive,adaptive,4,0,diagonal_3d,0.850,227602,0.176583,3205.457399,54.374935,3259.832333,4.091609,0,0,0.284113
400_adaptive,adaptive,4,0,diagonal_3d,0.875,216868,0.168234,3330.107598,57.666182,3387.773780,4.095524,0,0,0.293096
400_adaptive,adaptive,4,0,diagonal_3d,0.900,208552,0.161727,3336.353548,58.735892,3395.089440,4.099976,0,0,0.307768
400_adaptive,adaptive,4,0,diagonal_3d,0.925,211463,0.163995,3058.916194,59.011781,3117.927975,4.102242,0,0,0.295249
400_adaptive,adaptive,4,0,diagonal_3d,0.950,198160,0.153586,3375.451971,63.176555,3438.628526,4.106363,0,0,0.313983
400_adaptive,adaptive,4,0,diagonal_3d,0.975,240619,0.186787,3303.138025,52.916491,3356.054516,4.088311,0,0,0.275929
400_adaptive,adaptive,4,0,diagonal_3d,1.000,247410,0.192109,3317.942062,50.133636,3368.075698,4.084075,0,0,0.266731
400_adaptive,adaptive,4,0,tornado_x_3d,0.025,31877,0.0248797,2.000031,9.081266,11.081297,3.012686,0,0,0.0028889
400_adaptive,adaptive,4,0,tornado_x_3d,0.050,64179,0.0500922,2.000546,9.301600,11.302146,3.083315,0,0,0.0179513
400_adaptive,adaptive,4,0,tornado_x_3d,0.075,95843,0.0748047,2.002256,9.872313,11.874569,3.217504,0,0,0.0467572
400_adaptive,adaptive,4,0,tornado_x_3d,0.100,128012,0.099857,2.017783,14.416150,16.433933,3.254176,0,0,0.0508774
400_adaptive,adaptive,4,0,tornado_x_3d,0.125,78437,0.0606648,127.576709,51.961791,179.538499,3.242289,0,0,0.0771271
400_adaptive,adaptive,4,0,tornado_x_3d,0.150,11885,0.00858437,2048.364124,480.638515,2529.002639,4.225155,0,0,0.525937
400_adaptive,adaptive,4,0,tornado_x_3d,0.175,9931,0.00705937,2685.688690,604.731408,3290.420097,4.476981,0,0,0.642098
400_adaptive,adaptive,4,0,tornado_x_3d,0.200,9211,0.00649609,3038.368370,672.253879,3710.622249,4.604570,0,0,0.697775
400_adaptive,adaptive,4,0,tornado_x_3d,0.225,8987,0.00632344,3178.419323,686.119471,3864.538794,4.646652,0,0,0.712009
400_adaptive,adaptive,4,0,tornado_x_3d,0.250,8723,0.00611641,3357.889769,703.538894,4061.428663,4.692426,0,0,0.736493
400_adaptive,adaptive,4,0,tornado_x_3d,0.275,8658,0.00606328,3430.743719,727.072027,4157.815745,4.703131,0,0,0.74913
400_adaptive,adaptive,4,0,tornado_x_3d,0.300,8451,0.00590313,3559.561805,724.003573,4283.565379,4.729222,0,0,0.753706
400_adaptive,adaptive,4,0,tornado_x_3d,0.325,8438,0.00589141,3620.548866,729.789683,4350.338549,4.751492,0,0,0.766609
400_adaptive,adaptive,4,0,tornado_x_3d,0.350,8463,0.00591406,3684.583223,715.821400,4400.404624,4.754029,0,0,0.765522
400_adaptive,adaptive,4,0,tornado_x_3d,0.375,8355,0.00582734,3757.843277,723.782411,4481.625687,4.765384,0,0,0.775305
400_adaptive,adaptive,4,0,tornado_x_3d,0.400,8332,0.00581016,3753.853973,743.579804,4497.433777,4.764421,0,0,0.775985
400_adaptive,adaptive,4,0,tornado_x_3d,0.425,8313,0.00579609,3782.150425,722.741609,4504.892034,4.773824,0,0,0.777328
400_adaptive,adaptive,4,0,tornado_x_3d,0.450,8350,0.00582344,3811.809230,739.883016,4551.692246,4.767373,0,0,0.772069
400_adaptive,adaptive,4,0,tornado_x_3d,0.475,8320,0.00580156,3843.003636,739.641530,4582.645166,4.772960,0,0,0.777
400_adaptive,adaptive,4,0,tornado_x_3d,0.500,8262,0.00575547,3861.696213,743.182435,4604.878648,4.763540,0,0,0.779286
400_adaptive,adaptive,4,0,tornado_x_3d,0.525,8340,0.00581641,3890.858428,738.761451,4629.619879,4.783210,0,0,0.784956
400_adaptive,adaptive,4,0,tornado_x_3d,0.550,8313,0.00579687,3907.507143,745.502695,4653.009838,4.798383,0,0,0.792183
400_adaptive,adaptive,4,0,tornado_x_3d,0.575,8231,0.00573125,3932.950245,744.196974,4677.147219,4.771265,0,0,0.784896
400_adaptive,adaptive,4,0,tornado_x_3d,0.600,8213,0.00571641,3956.618013,731.549132,4688.167145,4.785978,0,0,0.792538
400_adaptive,adaptive,4,0,tornado_x_3d,0.625,8263,0.00575313,3954.690114,719.938077,4674.628191,4.774579,0,0,0.785578
400_adaptive,adaptive,4,0,tornado_x_3d,0.650,8204,0.00571016,3944.868655,742.065809,4686.934464,4.786838,0,0,0.785333
400_adaptive,adaptive,4,0,tornado_x_3d,0.675,8292,0.00578047,3996.896472,745.236924,4742.133396,4.782673,0,0,0.789972
400_adaptive,adaptive,4,0,tornado_x_3d,0.700,8249,0.00574453,3963.492180,748.656603,4712.148783,4.800626,0,0,0.795186
400_adaptive,adaptive,4,0,tornado_x_3d,0.725,8231,0.00573437,4007.989237,743.472616,4751.461853,4.792098,0,0,0.789782
400_adaptive,adaptive,4,0,tornado_x_3d,0.750,8258,0.00575313,3991.264394,726.510320,4717.774715,4.760456,0,0,0.780554
400_adaptive,adaptive,4,0,tornado_x_3d,0.775,8242,0.00573984,3976.122227,754.258337,4730.380563,4.807540,0,0,0.791616
400_adaptive,adaptive,4,0,tornado_x_3d,0.800,8268,0.00576016,4020.716262,720.313983,4741.030245,4.773498,0,0,0.783941
400_adaptive,adaptive,4,0,tornado_x_3d,0.825,8294,0.00577969,4010.948094,743.295485,4754.243579,4.789403,0,0,0.788997
400_adaptive,adaptive,4,0,tornado_x_3d,0.850,8293,0.00578125,4012.728108,734.770135,4747.498243,4.773784,0,0,0.785811
400_adaptive,adaptive,4,0,tornado_x_3d,0.875,8320,0.00580391,4009.034998,727.408130,4736.443128,4.767936,0,0,0.779782
400_adaptive,adaptive,4,0,tornado_x_3d,0.900,8305,0.00578906,4016.890553,729.362753,4746.253306,4.761943,0,0,0.779622
400_adaptive,adaptive,4,0,tornado_x_3d,0.925,8256,0.00575078,4007.804374,736.727754,4744.532129,4.769325,0,0,0.785084
400_adaptive,adaptive,4,0,tornado_x_3d,0.950,8304,0.00578984,4026.149642,739.559574,4765.709216,4.754959,0,0,0.780596
400_adaptive,adaptive,4,0,tornado_x_3d,0.975,8327,0.00580703,3990.235706,739.357056,4729.592762,4.757299,0,0,0.778555
400_adaptive,adaptive,4,0,tornado_x_3d,1.000,8315,0.00579687,3997.840701,718.027493,4715.868194,4.756065,0,0,0.778976
400_adaptive,adaptive,4,0,tornado_y,0.025,31877,0.0248867,2.000031,5.976173,7.976205,1.488087,0,0,0
400_adaptive,adaptive,4,0,tornado_y,0.050,64179,0.0501109,2.000514,5.990490,7.991004,1.495245,0,0,0
400_adaptive,adaptive,4,0,tornado_y,0.075,95843,0.0748328,2.002057,5.995553,7.997609,1.497776,0,0,0
400_adaptive,adaptive,4,0,tornado_y,0.100,128013,0.0999469,2.004518,5.998687,8.003205,1.499343,0,0,0
400_adaptive,adaptive,4,0,tornado_y,0.125,159953,0.124886,2.008971,5.999762,8.008733,1.499881,0,0,0
400_adaptive,adaptive,4,0,tornado_y,0.150,192279,0.150126,2.015529,6.002118,8.017647,1.501059,0,0,0
400_adaptive,adaptive,4,0,tornado_y,0.175,224176,0.175024,2.025001,6.001397,8.026398,1.500699,0,0,0
400_adaptive,adaptive,4,0,tornado_y,0.200,256078,0.199932,2.037095,6.000418,8.037513,1.500209,0,0,0
400_adaptive,adaptive,4,0,tornado_y,0.225,288187,0.224991,2.053624,5.999844,8.053467,1.499922,0,0,0
400_adaptive,adaptive,4,0,tornado_y,0.250,320345,0.250096,2.075290,5.998579,8.073868,1.499289,0,0,0
400_adaptive,adaptive,4,0,tornado_y,0.275,352107,0.274894,2.101687,5.999307,8.100994,1.499653,0,0,0
400_adaptive,adaptive,4,0,tornado_y,0.300,384248,0.299986,2.136363,6.000016,8.136379,1.500008,0,0,0
400_adaptive,adaptive,4,0,tornado_y,0.325,416256,0.324975,2.179819,5.999365,8.179184,1.499683,0,0,0
400_adaptive,adaptive,4,0,tornado_y,0.350,448322,0.350009,2.238393,6.000027,8.238420,1.500013,0,0,0
400_adaptive,adaptive,4,0,tornado_y,0.375,480036,0.374775,2.313246,5.999800,8.313046,1.499900,0,0,0
400_adaptive,adaptive,4,0,tornado_y,0.400,511878,0.399637,2.405620,5.998923,8.404543,1.499461,0,0,0
400_adaptive,adaptive,4,0,tornado_y,0.425,544103,0.424795,2.532500,5.998858,8.531358,1.499429,0,0,0
400_adaptive,adaptive,4,0,tornado_y,0.450,576091,0.449769,2.704765,5.998715,8.703480,1.499357,0,0,0
400_adaptive,adaptive,4,0,tornado_y,0.475,608139,0.474784,2.954534,5.998600,8.953133,1.499300,0,0,0
400_adaptive,adaptive,4,0,tornado_y,0.500,640164,0.499782,3.350894,5.998504,9.349398,1.499252,0,0,0
400_adaptive,adaptive,4,0,tornado_y,0.525,672348,0.524913,4.036205,5.998518,10.034723,1.499259,0,0,0
400_adaptive,adaptive,4,0,tornado_y,0.550,704079,0.54968,5.408532,5.998212,11.406744,1.499106,0,0,0
400_adaptive,adaptive,4,0,tornado_y,0.575,735754,0.574406,9.333864,5.998199,15.332063,1.499100,0,0,0
400_adaptive,adaptive,4,0,tornado_y,0.600,762866,0.595564,47.133701,5.998523,53.132224,1.499261,0,0,0
400_adaptive,adaptive,4,0,tornado_y,0.625,767326,0.599046,207.512780,5.999694,213.512474,1.499847,0,0,0
400_adaptive,adaptive,4,0,tornado_y,0.650,767636,0.599291,388.855827,5.999769,394.855596,1.499885,0,0,0
400_adaptive,adaptive,4,0,tornado_y,0.675,767757,0.599381,558.797656,5.999739,564.797395,1.499870,0,0,0
400_adaptive,adaptive,4,0,tornado_y,0.700,767817,0.599427,717.970310,5.999763,723.970073,1.499881,0,0,0
400_adaptive,adaptive,4,0,tornado_y,0.725,767844,0.599447,864.563629,5.999760,870.563389,1.499880,0,0,0
400_adaptive,adaptive,4,0,tornado_y,0.750,767869,0.599463,1002.524833,5.999765,1008.524599,1.499883,0,0,0
400_adaptive,adaptive,4,0,tornado_y,0.775,767887,0.599474,1131.933237,5.999756,1137.932993,1.499878,0,0,0
400_adaptive,adaptive,4,0,tornado_y,0.800,767908,0.599487,1252.642861,5.999762,1258.642623,1.499881,0,0,0
400_adaptive,adaptive,4,0,tornado_y,0.825,767923,0.599496,1365.551974,5.999751,1371.551725,1.499876,0,0,0
400_adaptive,adaptive,4,0,tornado_y,0.850,767936,0.599506,1471.929035,5.999739,1477.928775,1.499870,0,0,0
400_adaptive,adaptive,4,0,tornado_y,0.875,767944,0.599513,1571.512180,5.999734,1577.511915,1.499867,0,0,0
400_adaptive,adaptive,4,0,tornado_y,0.900,767954,0.59952,1666.378994,5.999742,1672.378736,1.499871,0,0,0
400_adaptive,adaptive,4,0,tornado_y,0.925,767967,0.599528,1757.337166,5.999734,1763.336900,1.499867,0,0,0
400_adaptive,adaptive,4,0,tornado_y,0.950,767977,0.599534,1842.506775,5.999739,1848.506514,1.499870,0,0,0
400_adaptive,adaptive,4,0,tornado_y,0.975,767989,0.599542,1922.487354,5.999737,1928.487090,1.499868,0,0,0
400_adaptive,adaptive,4,0,tornado_y,1.000,768000,0.59955,1999.462302,5.999750,2005.462052,1.499875,0,0,0
440_adaptive,adaptive,4,4,diagonal_3d,0.025,31877,0.024875,2.000031,11.038160,13.038191,4,0,0,3.1407e-05
440_adaptive,adaptive,4,4,diagonal_3d,0.050,64179,0.0500859,2.000530,11.084589,13.085119,4,0,0,3.11964e-05
440_adaptive,adaptive,4,4,diagonal_3d,0.075,95843,0.0747938,2.002131,11.140229,13.142360,4.000794,0,0,0.000282026
440_adaptive,adaptive,4,4,diagonal_3d,0.100,128013,0.0999008,2.004942,11.203381,13.208324,4.001877,0,0,0.000805487
440_adaptive,adaptive,4,4,diagonal_3d,0.125,159953,0.124827,2.010083,11.285413,13.295496,4.005458,0,0,0.00239706
440_adaptive,adaptive,4,4,diagonal_3d,0.150,192279,0.150048,2.018067,11.380153,13.398220,4.010903,0,0,0.00515979
440_adaptive,adaptive,4,4,diagonal_3d,0.175,224176,0.174937,2.029395,11.491504,13.520898,4.022151,0,0,0.00989197
440_adaptive,adaptive,4,4,diagonal_3d,0.200,256078,0.199827,2.045371,11.631096,13.676467,4.037243,0,0,0.0173783
440_adaptive,adaptive,4,4,diagonal_3d,0.225,288187,0.224874,2.068215,11.797752,13.865967,4.057046,0,0,0.0268032
440_adaptive,adaptive,4,4,diagonal_3d,0.250,320344,0.249946,2.100856,12.045594,14.146450,4.088957,0,0,0.0413777
440_adaptive,adaptive,4,4,diagonal_3d,0.275,352106,0.274712,2.142846,12.374717,14.517562,4.120985,0,0,0.056838
440_adaptive,adaptive,4,4,diagonal_3d,0.300,384245,0.299791,2.204932,12.983710,15.188642,4.147473,0,0,0.0717636
440_adaptive,adaptive,4,4,diagonal_3d,0.325,416254,0.324728,2.307940,13.794963,16.102903,4.152830,0,0,0.0812194
440_adaptive,adaptive,4,4,diagonal_3d,0.350,448308,0.349703,2.479121,14.626831,17.105951,4.141593,0,0,0.0865153
440_adaptive,adaptive,4,4,diagonal_3d,0.375,480021,0.37442,2.820215,15.239479,18.059694,4.124806,0,0,0.0924431
440_adaptive,adaptive,4,4,diagonal_3d,0.400,511811,0.399181,3.515467,15.930919,19.446386,4.107333,0,0,0.0996767
440_adaptive,adaptive,4,4,diagonal_3d,0.425,543940,0.424186,6.871088,16.989566,23.860654,4.085167,0,0,0.111766
440_adaptive,adaptive,4,4,diagonal_3d,0.450,118820,0.0914164,1266.250972,100.552135,1366.803107,4.132122,0,0,0.367865
440_adaptive,adaptive,4,4,diagonal_3d,0.475,87736,0.0671422,2036.181716,137.704335,2173.886051,4.153732,0,0,0.472912
440_adaptive,adaptive,4,4,diagonal_3d,0.500,81145,0.0620094,2443.754296,153.742793,2597.497090,4.171068,0,0,0.530149
440_adaptive,adaptive,4,4,diagonal_3d,0.525,80062,0.0611086,2248.621805,152.479244,2401.101050,4.168425,0,0,0.504072
440_adaptive,adaptive,4,4,diagonal_3d,0.550,81655,0.0623867,2405.216455,139.902348,2545.118803,4.164072,0,0,0.517363
440_adaptive,adaptive,4,4,diagonal_3d,0.575,71507,0.0544883,2919.467317,174.769059,3094.236375,4.188085,0,0,0.577704
440_adaptive,adaptive,4,4,diagonal_3d,0.600,69132,0.0526672,3203.162503,164.524772,3367.687276,4.188715,0,0,0.557125
440_adaptive,adaptive,4,4,diagonal_3d,0.625,75045,0.057225,2692.492887,169.220552,2861.713439,4.168633,0,0,0.540902
440_adaptive,adaptive,4,4,diagonal_3d,0.650,73461,0.0560008,2881.273434,161.966895,3043.240329,4.184233,0,0,0.559563
440_adaptive,adaptive,4,4,diagonal_3d,0.675,73718,0.0562219,3211.302790,163.762117,3375.064907,4.181202,0,0,0.563518
440_adaptive,adaptive,4,4,diagonal_3d,0.700,66186,0.0503547,3157.123235,188.294194,3345.417429,4.204828,0,0,0.612825
440_adaptive,adaptive,4,4,diagonal_3d,0.725,69802,0.0531742,3082.088550,175.959919,3258.048470,4.185416,0,0,0.585796
440_adaptive,adaptive,4,4,diagonal_3d,0.750,68094,0.0518187,3101.165194,178.840203,3280.005397,4.188849,0,0,0.593264
440_adaptive,adaptive,4,4,diagonal_3d,0.775,63595,0.0482625,3266.044079,204.654915,3470.698993,4.199527,0,0,0.612859
440_adaptive,adaptive,4,4,diagonal_3d,0.800,75558,0.0576586,2953.085782,152.291452,3105.377234,4.160806,0,0,0.531333
440_adaptive,adaptive,4,4,diagonal_3d,0.825,67320,0.0512148,3497.952010,176.018732,3673.970742,4.199741,0,0,0.570132
440_adaptive,adaptive,4,4,diagonal_3d,0.850,67870,0.0516031,3331.279265,184.482347,3515.761612,4.191576,0,0,0.615364
440_adaptive,adaptive,4,4,diagonal_3d,0.875,75357,0.0574594,2963.398230,170.615421,3134.013651,4.144695,0,0,0.528444
440_adaptive,adaptive,4,4,diagonal_3d,0.900,64705,0.0491352,3399.799040,180.713418,3580.512458,4.199513,0,0,0.614027
440_adaptive,adaptive,4,4,diagonal_3d,0.925,67636,0.0514477,3096.649340,166.840220,3263.489560,4.180918,0,0,0.597437
440_adaptive,adaptive,4,4,diagonal_3d,0.950,63303,0.0480516,3451.371655,195.926820,3647.298475,4.194225,0,0,0.6215
440_adaptive,adaptive,4,4,diagonal_3d,0.975,69368,0.0527922,3097.050537,185.219789,3282.270326,4.197591,0,0,0.576479
440_adaptive,adaptive,4,4,diagonal_3d,1.000,80929,0.0618219,2900.434540,156.351097,3056.785637,4.161073,0,0,0.518551
440_adaptive,adaptive,4,4,tornado_x_3d,0.025,31877,0.0248797,2.000031,9.080607,11.080638,3.012372,0,0,0.0028889
440_adaptive,adaptive,4,4,tornado_x_3d,0.050,64179,0.0500922,2.000546,9.295019,11.295564,3.079946,0,0,0.0179201
440_adaptive,adaptive,4,4,tornado_x_3d,0.075,95843,0.0748047,2.002245,9.843520,11.845765,3.206433,0,0,0.0467258
440_adaptive,adaptive,4,4,tornado_x_3d,0.100,128012,0.0998555,2.009756,14.839565,16.849321,3.232070,0,0,0.0514181
440_adaptive,adaptive,4,4,tornado_x_3d,0.125,122214,0.0950273,54.771193,29.813014,84.584207,3.190537,0,0,0.0535208
440_adaptive,adaptive,4,4,tornado_x_3d,0.150,14242,0.0104297,1555.477678,435.230112,1990.707790,3.890787,0,0,0.46397
440_adaptive,adaptive,4,4,tornado_x_3d,0.175,10653,0.00762578,2358.400574,604.804221,2963.204795,4.190042,0,0,0.628727
440_adaptive,adaptive,4,4,tornado_x_3d,0.200,9877,0.00701953,2731.943907,677.830161,3409.774068,4.273456,0,0,0.676572
440_adaptive,adaptive,4,4,tornado_x_3d,0.225,9601,0.00680156,2946.729152,689.567540,3636.296692,4.316104,0,0,0.69722
440_adaptive,adaptive,4,4,tornado_x_3d,0.250,9459,0.00669141,3124.546410,711.380502,3835.926912,4.361821,0,0,0.716871
440_adaptive,adaptive,4,4,tornado_x_3d,0.275,9295,0.00656563,3271.709900,719.999881,3991.709781,4.365540,0,0,0.726559
440_adaptive,adaptive,4,4,tornado_x_3d,0.300,9173,0.00646797,3365.750211,728.731127,4094.481338,4.416355,0,0,0.752627
440_adaptive,adaptive,4,4,tornado_x_3d,0.325,9142,0.00644297,3459.081727,721.023766,4180.105493,4.392021,0,0,0.746332
440_adaptive,adaptive,4,4,tornado_x_3d,0.350,9035,0.00636094,3506.435765,722.201548,4228.637313,4.388602,0,0,0.747482
440_adaptive,adaptive,4,4,tornado_x_3d,0.375,9099,0.00641094,3573.647697,715.606751,4289.254448,4.401657,0,0,0.751158
440_adaptive,adaptive,4,4,tornado_x_3d,0.400,8965,0.00630391,3609.319123,739.670715,4348.989838,4.404883,0,0,0.755112
440_adaptive,adaptive,4,4,tornado_x_3d,0.425,8985,0.00632188,3637.718364,747.250124,4384.968487,4.409046,0,0,0.76001
440_adaptive,adaptive,4,4,tornado_x_3d,0.450,9063,0.00638281,3712.955447,745.443452,4458.398898,4.424725,0,0,0.76022
440_adaptive,adaptive,4,4,tornado_x_3d,0.475,9035,0.00636016,3712.266184,743.409041,4455.675224,4.421693,0,0,0.760226
440_adaptive,adaptive,4,4,tornado_x_3d,0.500,8988,0.00632266,3763.516866,750.647720,4514.164587,4.421228,0,0,0.759051
440_adaptive,adaptive,4,4,tornado_x_3d,0.525,8914,0.00626641,3802.854382,732.202219,4535.056601,4.419524,0,0,0.765366
440_adaptive,adaptive,4,4,tornado_x_3d,0.550,8912,0.00626328,3769.758887,735.108020,4504.866908,4.423974,0,0,0.769116
440_adaptive,adaptive,4,4,tornado_x_3d,0.575,8755,0.00614063,3845.455344,727.447583,4572.902926,4.432570,0,0,0.769338
440_adaptive,adaptive,4,4,tornado_x_3d,0.600,8822,0.00619453,3849.860512,721.062681,4570.923193,4.438012,0,0,0.772481
440_adaptive,adaptive,4,4,tornado_x_3d,0.625,8810,0.00618594,3841.031826,742.246527,4583.278353,4.428391,0,0,0.766481
440_adaptive,adaptive,4,4,tornado_x_3d,0.650,8854,0.00621641,3882.998366,731.017343,4614.015709,4.422395,0,0,0.763353
440_adaptive,adaptive,4,4,tornado_x_3d,0.675,8849,0.00621328,3900.924054,746.906828,4647.830881,4.435685,0,0,0.771407
440_adaptive,adaptive,4,4,tornado_x_3d,0.700,8935,0.00627891,3922.781013,738.333209,4661.114222,4.437850,0,0,0.763096
440_adaptive,adaptive,4,4,tornado_x_3d,0.725,8863,0.006225,3929.044051,731.418926,4660.462977,4.436747,0,0,0.769704
440_adaptive,adaptive,4,4,tornado_x_3d,0.750,8920,0.00627031,3911.917643,740.241341,4652.158983,4.393720,0,0,0.761151
440_adaptive,adaptive,4,4,tornado_x_3d,0.775,8907,0.00626094,3905.534440,723.329673,4628.864113,4.390317,0,0,0.756052
440_adaptive,adaptive,4,4,tornado_x_3d,0.800,8886,0.00624375,3888.583959,731.920921,4620.504880,4.421171,0,0,0.76539
440_adaptive,adaptive,4,4,tornado_x_3d,0.825,8883,0.00624141,3924.797221,727.677807,4652.475028,4.406935,0,0,0.762549
440_adaptive,adaptive,4,4,tornado_x_3d,0.850,8883,0.00623984,3949.794917,723.517215,4673.312132,4.402780,0,0,0.764993
440_adaptive,adaptive,4,4,tornado_x_3d,0.875,8922,0.00627109,3953.949670,734.324405,4688.274075,4.390308,0,0,0.758565
440_adaptive,adaptive,4,4,tornado_x_3d,0.900,8898,0.00625391,3951.993879,717.186758,4669.180637,4.412117,0,0,0.761399
440_adaptive,adaptive,4,4,tornado_x_3d,0.925,8904,0.00625781,3965.493633,728.866792,4694.360424,4.395755,0,0,0.756679
440_adaptive,adaptive,4,4,tornado_x_3d,0.950,8957,0.00629922,3974.935384,714.765472,4689.700856,4.407665,0,0,0.758651
440_adaptive,adaptive,4,4,tornado_x_3d,0.975,8944,0.00629063,3974.766269,718.497392,4693.263661,4.392946,0,0,0.756582
440_adaptive,adaptive,4,4,tornado_x_3d,1.000,8986,0.00631953,3969.339226,720.039065,4689.378292,4.405365,0,0,0.763135
440_adaptive,adaptive,4,4,tornado_y,0.025,31877,0.0248867,2.000031,5.976173,7.976205,1.488087,0,0,0
440_adaptive,adaptive,4,4,tornado_y,0.050,64179,0.0501109,2.000514,5.990490,7.991004,1.495245,0,0,0
440_adaptive,adaptive,4,4,tornado_y,0.075,95843,0.0748328,2.002057,5.995553,7.997609,1.497776,0,0,0
440_adaptive,adaptive,4,4,tornado_y,0.100,128013,0.0999469,2.004518,5.998687,8.003205,1.499343,0,0,0
440_adaptive,adaptive,4,4,tornado_y,0.125,159953,0.124886,2.008971,5.999762,8.008733,1.499881,0,0,0
440_adaptive,adaptive,4,4,tornado_y,0.150,192279,0.150126,2.015529,6.002118,8.017647,1.501059,0,0,0
440_adaptive,adaptive,4,4,tornado_y,0.175,224176,0.175024,2.025001,6.001397,8.026398,1.500699,0,0,0
440_adaptive,adaptive,4,4,tornado_y,0.200,256078,0.199932,2.037095,6.000418,8.037513,1.500209,0,0,0
440_adaptive,adaptive,4,4,tornado_y,0.225,288187,0.224991,2.053624,5.999844,8.053467,1.499922,0,0,0
440_adaptive,adaptive,4,4,tornado_y,0.250,320345,0.250096,2.075290,5.998579,8.073868,1.499289,0,0,0
440_adaptive,adaptive,4,4,tornado_y,0.275,352107,0.274894,2.101687,5.999307,8.100994,1.499653,0,0,0
440_adaptive,adaptive,4,4,tornado_y,0.300,384248,0.299986,2.136363,6.000016,8.136379,1.500008,0,0,0
440_adaptive,adaptive,4,4,tornado_y,0.325,416256,0.324975,2.179819,5.999365,8.179184,1.499683,0,0,0
440_adaptive,adaptive,4,4,tornado_y,0.350,448322,0.350009,2.238393,6.000027,8.238420,1.500013,0,0,0
440_adaptive,adaptive,4,4,tornado_y,0.375,480036,0.374775,2.313246,5.999800,8.313046,1.499900,0,0,0
440_adaptive,adaptive,4,4,tornado_y,0.400,511878,0.399637,2.405620,5.998923,8.404543,1.499461,0,0,0
440_adaptive,adaptive,4,4,tornado_y,0.425,544103,0.424795,2.532500,5.998858,8.531358,1.499429,0,0,0
440_adaptive,adaptive,4,4,tornado_y,0.450,576091,0.449769,2.704765,5.998715,8.703480,1.499357,0,0,0
440_adaptive,adaptive,4,4,tornado_y,0.475,608139,0.474784,2.954534,5.998600,8.953133,1.499300,0,0,0
440_adaptive,adaptive,4,4,tornado_y,0.500,640164,0.499782,3.350894,5.998504,9.349398,1.499252,0,0,0
440_adaptive,adaptive,4,4,tornado_y,0.525,672348,0.524913,4.036205,5.998518,10.034723,1.499259,0,0,0
440_adaptive,adaptive,4,4,tornado_y,0.550,704079,0.54968,5.408532,5.998212,11.406744,1.499106,0,0,0
440_adaptive,adaptive,4,4,tornado_y,0.575,735754,0.574406,9.333864,5.998199,15.332063,1.499100,0,0,0
440_adaptive,adaptive,4,4,tornado_y,0.600,762866,0.595564,47.133701,5.998523,53.132224,1.499261,0,0,0
440_adaptive,adaptive,4,4,tornado_y,0.625,767326,0.599046,207.512780,5.999694,213.512474,1.499847,0,0,0
440_adaptive,adaptive,4,4,tornado_y,0.650,767636,0.599291,388.855827,5.999769,394.855596,1.499885,0,0,0
440_adaptive,adaptive,4,4,tornado_y,0.675,767757,0.599381,558.797656,5.999739,564.797395,1.499870,0,0,0
440_adaptive,adaptive,4,4,tornado_y,0.700,767817,0.599427,717.970310,5.999763,723.970073,1.499881,0,0,0
440_adaptive,adaptive,4,4,tornado_y,0.725,767844,0.599447,864.563629,5.999760,870.563389,1.499880,0,0,0
440_adaptive,adaptive,4,4,tornado_y,0.750,767869,0.599463,1002.524833,5.999765,1008.524599,1.499883,0,0,0
440_adaptive,adaptive,4,4,tornado_y,0.775,767887,0.599474,1131.933237,5.999756,1137.932993,1.499878,0,0,0
440_adaptive,adaptive,4,4,tornado_y,0.800,767908,0.599487,1252.642861,5.999762,1258.642623,1.499881,0,0,0
440_adaptive,adaptive,4,4,tornado_y,0.825,767923,0.599496,1365.551974,5.999751,1371.551725,1.499876,0,0,0
440_adaptive,adaptive,4,4,tornado_y,0.850,767936,0.599506,1471.929035,5.999739,1477.928775,1.499870,0,0,0
440_adaptive,adaptive,4,4,tornado_y,0.875,767944,0.599513,1571.512180,5.999734,1577.511915,1.499867,0,0,0
440_adaptive,adaptive,4,4,tornado_y,0.900,767954,0.59952,1666.378994,5.999742,1672.378736,1.499871,0,0,0
440_adaptive,adaptive,4,4,tornado_y,0.925,767967,0.599528,1757.337166,5.999734,1763.336900,1.499867,0,0,0
440_adaptive,adaptive,4,4,tornado_y,0.950,767977,0.599534,1842.506775,5.999739,1848.506514,1.499870,0,0,0
440_adaptive,adaptive,4,4,tornado_y,0.975,767989,0.599542,1922.487354,5.999737,1928.487090,1.499868,0,0,0
440_adaptive,adaptive,4,4,tornado_y,1.000,768000,0.59955,1999.462302,5.999750,2005.462052,1.499875,0,0,0
